time,open,high,low,close,Volume
2020-04-01,2936.54697,3004.83876,2829.2313,2858.49921,278540831.50750005
2020-04-02,2780.45145,2829.2313,2731.6716,2799.96339,307383478.0715387
2020-04-03,2858.49921,2878.01115,2760.93951,2819.47533,300479500.99488413
2020-04-06,2878.01115,2956.05891,2838.98727,2946.30294,292231217.5403004
2020-04-07,3024.3507,3160.93428,2878.01115,2956.05891,415529362.9222928
2020-04-08,2926.791,2965.81488,2751.18354,2751.18354,300274190.78443885
2020-04-09,2790.20742,2838.98727,2682.89175,2721.91563,272435236.2491959
2020-04-13,2721.91563,2770.69548,2634.1119,2702.40369,126826342.9984348
2020-04-14,2721.91563,2829.2313,2702.40369,2829.2313,225230294.8635975
2020-04-15,2829.2313,2917.03503,2663.37981,2692.64772,327076753.2573683
2020-04-16,2702.40369,2702.40369,2517.04026,2546.30817,376947448.3753944
2020-04-17,2604.84399,2770.69548,2595.08802,2760.93951,412389028.70341474
2020-04-20,2809.71936,2829.2313,2692.64772,2712.15966,227561687.25330105
2020-04-21,2682.89175,2721.91563,2624.35593,2653.62384,136196912.60337454
2020-04-22,2634.1119,2760.93951,2585.33205,2721.91563,184034288.6372256
2020-04-23,2760.93951,2809.71936,2721.91563,2731.6716,221577864.11981472
2020-04-24,2731.6716,2731.6716,2565.82011,2565.82011,301058018.58787125
2020-04-27,2614.59996,2634.1119,2546.30817,2595.08802,187176056.8575735
2020-04-28,2614.59996,2624.35593,2507.28429,2526.79623,275007097.8853831
2020-04-29,2536.5522,2556.06414,2497.52832,2517.04026,214367612.7292256
2020-04-30,2556.06414,2673.13578,2546.30817,2663.37981,442881537.9585813
2020-05-04,2604.84399,2614.59996,2536.5522,2565.82011,205626810.7698048
2020-05-05,2565.82011,2614.59996,2546.30817,2565.82011,189383013.11972865
2020-05-06,2565.82011,2585.33205,2536.5522,2556.06414,177381540.81808388
2020-05-08,2575.57608,2595.08802,2517.04026,2526.79623,210911779.18695712
2020-05-11,2565.82011,2575.57608,2536.5522,2556.06414,158466251.4296985
2020-05-12,2556.06414,2565.82011,2409.72459,2429.23653,377894458.3460903
2020-05-13,2399.96862,2458.50444,2380.45668,2409.72459,347061542.7420034
2020-05-14,2380.45668,2419.48056,2273.14101,2292.65295,482028029.08417714
2020-05-15,2321.92086,2341.4328,2156.06937,2185.33728,609532726.7779331
2020-05-18,2195.09325,2214.60519,2107.28952,2117.04549,466855268.5319261
2020-05-19,2195.09325,2360.94474,2195.09325,2312.16489,544599972.221126
2020-05-20,2302.40892,2438.9925,2263.38504,2419.48056,404261082.3721779
2020-05-26,2487.77235,2487.77235,2409.72459,2458.50444,414205147.5649571
2020-05-27,2478.01638,2565.82011,2458.50444,2565.82011,443639124.7351163
2020-05-28,2575.57608,2712.15966,2575.57608,2663.37981,464732158.3557142
2020-05-29,2634.1119,2878.01115,2634.1119,2878.01115,894434176.8051391
2020-06-02,2878.01115,3209.71413,2878.01115,3102.39846,479153584.13783854
2020-06-03,3121.9104,3199.95816,2936.54697,3024.3507,449057346.2888546
2020-06-04,3043.86264,3121.9104,2956.05891,2985.32682,256400131.81303263
2020-06-05,2995.08279,3053.61861,2887.76712,3034.10667,274081817.9369608
2020-06-08,3102.39846,3287.76189,3092.64249,3219.4701,393945552.7986435
2020-06-09,3268.24995,3278.00592,3131.66637,3131.66637,260863245.38777447
2020-06-10,3102.39846,3102.39846,2926.791,2956.05891,454318022.6811074
2020-06-11,3053.61861,3053.61861,2829.2313,2897.52309,381661177.2070197
2020-06-12,2829.2313,2965.81488,2731.6716,2956.05891,483937937.0418543
2020-06-15,2965.81488,2975.57085,2819.47533,2829.2313,236538959.45510653
2020-06-16,2897.52309,3073.13055,2887.76712,3053.61861,347153588.83635163
2020-06-17,3121.9104,3121.9104,3004.83876,3024.3507,223638243.2317266
2020-06-18,2975.57085,3043.86264,2965.81488,2975.57085,134217919.57488433
2020-06-19,3004.83876,3034.10667,2985.32682,3024.3507,171107536.38715845
2020-06-22,3024.3507,3034.10667,2956.05891,2985.32682,97762703.20787558
2020-06-23,2946.30294,2985.32682,2907.27906,2936.54697,175709334.1040531
2020-06-24,2975.57085,3063.37458,2936.54697,3043.86264,316200541.10912794
2020-06-25,3024.3507,3034.10667,2965.81488,2985.32682,162166652.22265115
2020-06-26,3024.3507,3043.86264,2946.30294,2956.05891,150990828.76730582
2020-06-29,2965.81488,2985.32682,2907.27906,2965.81488,121781738.82765852
2020-06-30,2995.08279,3034.10667,2956.05891,2956.05891,137366862.80258673
2020-07-01,2965.81488,2995.08279,2956.05891,2985.32682,103824324.42110585
2020-07-02,3014.59473,3014.59473,2965.81488,2985.32682,173723986.0690489
2020-07-03,2985.32682,3014.59473,2965.81488,2975.57085,50710282.97861312
2020-07-06,2995.08279,3024.3507,2956.05891,2965.81488,138046446.49916768
2020-07-07,2995.08279,3004.83876,2956.05891,2956.05891,212558770.87514225
2020-07-08,2965.81488,3121.9104,2956.05891,3112.15443,348163841.8718724
2020-07-09,3112.15443,3151.17831,3063.37458,3063.37458,196989432.9163949
2020-07-10,3053.61861,3073.13055,3024.3507,3034.10667,109795540.54166985
2020-07-13,3053.61861,3102.39846,2975.57085,3082.88652,98261576.71922658
2020-07-14,3082.88652,3170.69025,3053.61861,3092.64249,216521472.93695664
2020-07-15,3121.9104,3160.93428,3053.61861,3053.61861,169866450.11503097
2020-07-16,3053.61861,3082.88652,3053.61861,3063.37458,120026199.0282104
2020-07-17,3063.37458,3073.13055,3024.3507,3024.3507,122578994.64485474
2020-07-20,3024.3507,3053.61861,2956.05891,2975.57085,139964247.46493536
2020-07-21,2975.57085,3102.39846,2975.57085,3073.13055,209263660.4976169
2020-07-22,3082.88652,3092.64249,3014.59473,3024.3507,177898763.34824285
2020-07-23,3043.86264,3082.88652,3024.3507,3063.37458,151556123.3467391
2020-07-24,3053.61861,3063.37458,3014.59473,3014.59473,97177009.60753302
2020-07-27,3014.59473,3073.13055,3014.59473,3073.13055,96881088.30421034
2020-07-28,3082.88652,3092.64249,3024.3507,3063.37458,106006680.65804563
2020-07-29,3063.37458,3073.13055,3024.3507,3043.86264,68857017.57922116
2020-07-30,3053.61861,3092.64249,3034.10667,3082.88652,80441718.45367046
2020-08-03,3092.64249,3102.39846,2897.52309,2917.03503,347766444.46453565
2020-08-04,2926.791,3004.83876,2926.791,3004.83876,160197294.20403692
2020-08-05,3024.3507,3034.10667,2965.81488,3004.83876,165535563.67582345
2020-08-06,3024.3507,3053.61861,3014.59473,3034.10667,117468995.40704778
2020-08-07,3034.10667,3053.61861,2985.32682,3034.10667,92166437.47163998
2020-08-10,3034.10667,3073.13055,3024.3507,3053.61861,93753055.09794097
2020-08-11,3053.61861,3141.42234,3053.61861,3112.15443,176772888.19420806
2020-08-12,3112.15443,3287.76189,3112.15443,3268.24995,470910836.68892926
2020-08-13,3268.24995,3365.80965,3219.4701,3248.73801,219581035.0730424
2020-08-14,3248.73801,3268.24995,3199.95816,3258.49398,101632333.17429002
2020-08-18,3258.49398,3443.85741,3258.49398,3434.10144,268554536.27143455
2020-08-19,3434.10144,3551.17308,3434.10144,3473.12532,222974239.5511153
2020-08-24,3443.85741,3560.92905,3434.10144,3551.17308,199849219.8477088
2020-08-25,3580.44099,3707.2686,3551.17308,3707.2686,183784902.38160187
2020-08-26,3707.2686,3726.78054,3609.7089,3648.73278,166014040.16626725
2020-08-27,3648.73278,3687.75666,3570.68502,3609.7089,192687041.50639504
2020-08-28,3619.46487,3648.73278,3560.92905,3599.95293,79836448.83326226
2020-08-31,3609.7089,3648.73278,3414.5895,3424.34547,272697024.5175318
2020-09-01,3463.36935,3541.41711,3395.07756,3521.90517,201885921.93535143
2020-09-02,3531.66114,3570.68502,3502.39323,3570.68502,109599147.34036458
2020-09-03,3570.68502,3599.95293,3463.36935,3492.63726,184105116.7098252
2020-09-04,3521.90517,3521.90517,3395.07756,3463.36935,137921395.37098888
2020-09-07,3463.36935,3482.88129,3414.5895,3424.34547,97185825.61656952
2020-09-08,3424.34547,3482.88129,3424.34547,3434.10144,83417537.50391862
2020-09-09,3395.07756,3404.83353,3297.51786,3326.78577,182898778.47331485
2020-09-10,3219.4701,3219.4701,3102.39846,3102.39846,284797820.9209849
2020-09-11,2946.30294,3229.22607,2936.54697,3170.69025,598092860.0519404
2020-09-14,3219.4701,3365.80965,3219.4701,3356.05368,282789614.862551
2020-09-15,3356.05368,3375.56562,3229.22607,3248.73801,200421997.4348123
2020-09-16,3287.76189,3307.27383,3160.93428,3180.44622,141994388.5458529
2020-09-17,3190.20219,3229.22607,3092.64249,3121.9104,171803931.1009709
2020-09-18,3121.9104,3190.20219,3112.15443,3141.42234,207955231.156462
2020-09-21,3121.9104,3170.69025,3073.13055,3112.15443,117024549.95148616
2020-09-22,3034.10667,3112.15443,3024.3507,3053.61861,137951940.40229788
2020-09-23,3092.64249,3102.39846,2975.57085,3004.83876,123624713.7167286
2020-09-24,2956.05891,3004.83876,2936.54697,2956.05891,168257281.46561494
2020-09-25,2985.32682,3102.39846,2965.81488,3082.88652,173655822.99918103
2020-09-28,3102.39846,3151.17831,3004.83876,3014.59473,138854260.327186
2020-09-29,3043.86264,3082.88652,2946.30294,2965.81488,187266975.9507666
2020-09-30,2985.32682,3004.83876,2926.791,2965.81488,172033841.33663148
2020-10-01,3014.59473,3092.64249,2985.32682,3082.88652,133283517.61711176
2020-10-02,3102.39846,3131.66637,2985.32682,3024.3507,160992294.0189207
2020-10-05,3082.88652,3092.64249,3034.10667,3082.88652,95042214.4193438
2020-10-06,3141.42234,3160.93428,3102.39846,3112.15443,123838838.93620938
2020-10-07,3082.88652,3092.64249,3004.83876,3043.86264,295962471.36487776
2020-10-08,3073.13055,3092.64249,3034.10667,3073.13055,127023760.20078968
2020-10-09,3073.13055,3092.64249,3043.86264,3073.13055,83156672.23652877
2020-10-12,3082.88652,3131.66637,3073.13055,3112.15443,160434789.4474722
2020-10-13,3112.15443,3219.4701,3073.13055,3199.95816,209551894.79306024
2020-10-14,3219.4701,3297.51786,3209.71413,3278.00592,198729290.69976875
2020-10-15,3278.00592,3297.51786,3229.22607,3229.22607,187879625.5787394
2020-10-16,3258.49398,3278.00592,3131.66637,3170.69025,143956571.55711266
2020-10-19,3180.44622,3209.71413,3151.17831,3199.95816,98605571.07182468
2020-10-20,3199.95816,3209.71413,3131.66637,3170.69025,137391053.8273828
2020-10-21,3199.95816,3229.22607,3151.17831,3160.93428,119907911.90696476
2020-10-22,3141.42234,3219.4701,3121.9104,3219.4701,164142160.2475692
2020-10-23,3268.24995,3268.24995,3190.20219,3209.71413,120179233.18507214
2020-10-26,3219.4701,3278.00592,3209.71413,3258.49398,103754418.3494513
2020-10-27,3258.49398,3317.0298,3248.73801,3278.00592,187891208.5906121
2020-11-02,3278.00592,3307.27383,3219.4701,3297.51786,160705700.72515935
2020-11-03,3307.27383,3317.0298,3278.00592,3297.51786,124494129.60788973
2020-11-04,3336.54174,3336.54174,3209.71413,3209.71413,141687704.23149803
2020-11-05,3287.76189,3404.83353,3278.00592,3404.83353,240665561.6849205
2020-11-06,3424.34547,3512.1492,3385.32159,3473.12532,275490596.38097453
2020-11-09,3590.19696,3599.95293,3492.63726,3599.95293,263895234.4955976
2020-11-10,3707.2686,3912.14397,3678.00069,3902.388,579708731.2080007
2020-11-11,3873.12009,4087.75143,3853.60815,4019.45964,366030235.1851275
2020-11-12,3999.9477,3999.9477,3824.34024,3853.60815,341634404.179125
2020-11-13,3873.12009,3980.43576,3863.36412,3902.388,243311530.39706823
2020-11-16,3951.16785,3970.67979,3834.09621,3863.36412,197850238.79873064
2020-11-17,3902.388,3921.89994,3834.09621,3863.36412,185374801.0112659
2020-11-18,3882.87606,3951.16785,3873.12009,3941.41188,187226179.9089502
2020-11-19,3912.14397,4029.21561,3882.87606,3941.41188,204695995.8157089
2020-11-20,3941.41188,3980.43576,3892.63203,3921.89994,127906707.10582024
2020-11-23,3912.14397,3999.9477,3912.14397,3980.43576,126600327.76676664
2020-11-24,4019.45964,4126.77531,3980.43576,4097.5074,211321272.6066925
2020-11-25,4214.57904,4282.87083,4146.28725,4214.57904,290425041.68894976
2020-11-26,4117.01934,4214.57904,4117.01934,4185.31113,139941081.44118991
2020-11-27,4224.33501,4263.35889,4165.79919,4165.79919,117815859.76258768
2020-11-30,4146.28725,4175.55516,3892.63203,3990.19173,460025296.5311276
2020-12-01,4029.21974,4156.04748,3970.68386,4136.53552,234125736.2151214
2020-12-02,4214.58336,4234.09532,4146.2915,4195.0714,139758794.09346884
2020-12-03,4243.8513,4292.6312,4195.0714,4292.6312,203962595.2492728
2020-12-04,4292.6312,4292.6312,4165.80346,4195.0714,154141049.8996513
2020-12-07,4243.8513,4312.14316,4243.8513,4292.6312,144372579.68958527
2020-12-08,4292.6312,4292.6312,4234.09532,4292.6312,83304803.82288606
2020-12-10,4341.4111,4341.4111,4224.33934,4224.33934,198473756.60876715
2020-12-11,4292.6312,4292.6312,4156.04748,4175.55944,178810227.16323733
2020-12-14,4195.0714,4204.82738,4165.80346,4175.55944,130571403.3854108
2020-12-15,4175.55944,4185.31542,4136.53552,4175.55944,137056451.53024095
2020-12-16,4234.09532,4243.8513,4195.0714,4214.58336,133297526.23519114
2020-12-17,4253.60728,4253.60728,4204.82738,4224.33934,145272028.02793774
2020-12-18,4165.80346,4195.0714,4165.80346,4175.55944,212598529.3122782
2020-12-21,4224.33934,4234.09532,4107.26758,4107.26758,224445827.07221624
2020-12-22,4136.53552,4175.55944,4019.46376,4029.21974,175773218.06727773
2020-12-23,4048.7317,4077.99964,3853.6121,4058.48768,174412924.17573634
2020-12-28,4146.2915,4156.04748,4058.48768,4146.2915,88270988.66541342
2020-12-29,4146.2915,4175.55944,4068.24366,4077.99964,77084618.86965738
2020-12-30,4087.75562,4107.26758,4029.21974,4068.24366,92272534.38403931
2021-01-04,4048.7317,4214.58336,4048.7317,4204.82738,98983597.75235292
2021-01-05,4195.0714,4195.0714,4136.53552,4165.80346,99671278.5389064
2021-01-06,4175.55944,4195.0714,4058.48768,4097.5116,119551290.59305166
2021-01-07,4156.04748,4185.31542,4107.26758,4175.55944,132129627.1620073
2021-01-08,4224.33934,4282.87522,4195.0714,4282.87522,191032474.44131705
2021-01-11,4312.14316,4546.28668,4302.38718,4536.5307,393312101.91082805
2021-01-12,4565.79864,4653.60246,4556.04266,4604.82256,242635286.25519937
2021-01-13,4653.60246,4721.89432,4634.0905,4673.11442,215418030.787271
2021-01-14,4702.38236,4712.13834,4604.82256,4653.60246,136958665.3519175
2021-01-15,4653.60246,4653.60246,4438.9709,4468.23884,209834891.01043668
2021-01-18,4468.23884,4536.5307,4429.21492,4507.26276,170119967.44560772
2021-01-19,4585.3106,4585.3106,4497.50678,4507.26276,142036474.0395122
2021-01-20,4556.04266,4799.94216,4536.5307,4770.67422,258786405.8761908
2021-01-21,4799.94216,4829.2101,4653.60246,4673.11442,165187608.01067653
2021-01-22,4741.40628,4741.40628,4565.79864,4604.82256,170831326.01747853
2021-01-25,4673.11442,4673.11442,4497.50678,4663.35844,154008925.80755597
2021-01-26,4663.35844,4673.11442,4507.26276,4536.5307,152678152.2717349
2021-01-27,4536.5307,4604.82256,4390.191,4507.26276,185144188.48747128
2021-01-28,4468.23884,4536.5307,4312.14316,4360.92306,164251054.22520342
2021-01-29,4458.48286,4497.50678,4077.99964,4077.99964,287209895.87924534
2021-02-01,4077.99964,4331.65512,3863.36808,4292.6312,330899714.8415639
2021-02-02,4380.43502,4380.43502,4156.04748,4253.60728,156104666.06122604
2021-02-03,4370.67904,4370.67904,4253.60728,4273.11924,115769610.0238008
2021-02-04,4341.4111,4468.23884,4263.36326,4380.43502,151438297.33148286
2021-02-05,4429.21492,4429.21492,4312.14316,4360.92306,92254289.16418444
2021-02-08,4419.45894,4419.45894,4341.4111,4351.16708,112021652.36091097
2021-02-09,4390.191,4653.60246,4390.191,4507.26276,432703224.0738501
2021-02-10,4517.01874,4595.06658,4487.7508,4536.5307,188371542.3770857
2021-02-11,4585.3106,4595.06658,4517.01874,4565.79864,92884979.26400012
2021-02-15,4595.06658,4663.35844,4585.3106,4595.06658,86806041.01279421
2021-02-16,4624.33452,4624.33452,4546.28668,4556.04266,66739886.71563493
2021-02-17,4595.06658,4614.57854,4507.26276,4517.01874,94606590.00940962
2021-02-18,4585.3106,4653.60246,4536.5307,4556.04266,141718822.7118137
2021-02-19,4487.7508,4673.11442,4487.7508,4673.11442,102391968.82322432
2021-02-22,4731.6503,4751.16226,4643.84648,4673.11442,146872072.30847132
2021-02-23,4692.62638,4712.13834,4624.33452,4673.11442,100459513.0371321
2021-02-24,4673.11442,4702.38236,4595.06658,4614.57854,98382735.51196294
2021-02-25,4653.60246,4653.60246,4556.04266,4614.57854,122659640.54866862
2021-02-26,4614.57854,4634.0905,4585.3106,4595.06658,150764044.2067327
2021-03-01,4682.8704,4712.13834,4604.82256,4712.13834,118359303.72960997
2021-03-02,4751.16226,4760.91824,4682.8704,4682.8704,70068409.32433236
2021-03-03,4682.8704,4731.6503,4624.33452,4731.6503,79229047.2100189
2021-03-04,4731.6503,4731.6503,4614.57854,4643.84648,109858158.79081345
2021-03-05,4624.33452,4653.60246,4585.3106,4653.60246,66334289.32818641
2021-03-08,4682.8704,4702.38236,4614.57854,4614.57854,65150195.05985048
2021-03-09,4634.0905,4634.0905,4448.72688,4468.23884,154240373.59650186
2021-03-10,4536.5307,4546.28668,4477.99482,4517.01874,72127864.1407629
2021-03-12,4575.55462,4575.55462,4429.21492,4468.23884,141971180.75272807
2021-03-15,4468.23884,4517.01874,4448.72688,4458.48286,88972404.61747564
2021-03-16,4546.28668,4653.60246,4497.50678,4604.82256,140730710.8050652
2021-03-17,4565.79864,4585.3106,4487.7508,4556.04266,108319410.2488935
2021-03-18,4595.06658,4653.60246,4575.55462,4643.84648,89114471.32937954
2021-03-19,4634.0905,4634.0905,4556.04266,4556.04266,155051875.8751043
2021-03-22,4585.3106,4585.3106,4507.26276,4517.01874,62524933.42544778
2021-03-23,4604.82256,4604.82256,4536.5307,4556.04266,107192409.16853048
2021-03-24,4614.57854,4614.57854,4536.5307,4556.04266,112296868.17726156
2021-03-25,4585.3106,4585.3106,4468.23884,4507.26276,88657418.32189079
2021-03-26,4517.01874,4604.82256,4507.26276,4604.82256,99683578.68712318
2021-03-29,4663.35844,4663.35844,4604.82256,4604.82256,99524701.77265637
2021-03-30,4585.3106,4585.3106,4370.67904,4390.191,200244875.4507492
2021-03-31,4341.4111,4370.67904,4156.04748,4292.6312,301105885.8259242
2021-04-01,4243.8513,4263.36326,4107.26758,4185.31542,316987837.20343834
2021-04-05,4214.58336,4224.33934,4058.48768,4097.5116,321973087.2757017
2021-04-06,4068.24366,4126.77954,4048.7317,4097.5116,155910323.71940082
2021-04-07,4126.77954,4136.53552,4058.48768,4097.5116,108979108.1982538
2021-04-08,4146.2915,4253.60728,4126.77954,4243.8513,147760040.50848812
2021-04-09,4273.11924,4292.6312,4243.8513,4243.8513,116735376.66128875
2021-04-12,4282.87522,4282.87522,4097.5116,4107.26758,107269490.09735568
2021-04-13,4107.26758,4156.04748,4019.46376,4058.48768,111991516.99777985
2021-04-14,4175.55944,4243.8513,4117.02356,4243.8513,105790294.77305202
2021-04-15,4282.87522,4302.38718,4175.55944,4302.38718,80389566.19427264
2021-04-16,4341.4111,4351.16708,4204.82738,4234.09532,69416091.46390215
2021-04-19,4253.60728,4273.11924,4204.82738,4273.11924,57945383.24186806
2021-04-20,4185.31542,4224.33934,4117.02356,4204.82738,91519047.80452605
2021-04-21,4136.53552,4185.31542,4126.77954,4126.77954,48411435.85780209
2021-04-22,4126.77954,4156.04748,4097.5116,4097.5116,110712301.58323409
2021-04-23,4097.5116,4175.55944,4087.75562,4146.2915,112296048.16738042
2021-04-26,4136.53552,4146.2915,4029.21974,4038.97572,146636934.47506043
2021-04-27,4097.5116,4097.5116,4048.7317,4068.24366,136121230.26082465
2021-04-28,4068.24366,4117.02356,4029.21974,4029.21974,117954628.85327768
2021-04-29,4087.75562,4097.5116,4038.97572,4058.48768,116207700.30278866
2021-04-30,4048.7317,4058.48768,3951.1719,3951.1719,239939913.775961
2021-05-03,3960.92788,3970.68386,3902.392,3912.14798,115764484.9620438
2021-05-04,3921.90396,3970.68386,3912.14798,3960.92788,78540341.411114
2021-05-05,4009.70778,4029.21974,3980.43984,3990.19582,109321769.82732642
2021-05-06,4029.21974,4029.21974,3970.68386,4009.70778,80346720.67798418
2021-05-07,4038.97572,4038.97572,3941.41592,3951.1719,77674308.47541714
2021-05-10,3951.1719,3990.19582,3951.1719,3951.1719,75828876.23795867
2021-05-11,3931.65994,3941.41592,3882.88004,3892.63602,155642180.4882749
2021-05-17,3863.36808,3902.392,3804.8322,3804.8322,200176609.628146
2021-05-18,3863.36808,3863.36808,3795.07622,3804.8322,118598131.60748588
2021-05-19,3756.0523,3843.85612,3756.0523,3775.56426,126081746.78504875
2021-05-20,3746.29632,3834.10014,3726.78436,3785.32024,153593283.29906377
2021-05-21,3824.34416,3853.6121,3765.80828,3795.07622,112865545.0298176
2021-05-24,3873.12406,3960.92788,3814.58818,3941.41592,137153725.2023887
2021-05-25,3970.68386,4038.97572,3941.41592,3960.92788,157175291.46226212
2021-05-27,4038.97572,4087.75562,3853.6121,3853.6121,580233354.3119195
2021-05-28,3941.41592,4068.24366,3921.90396,3970.68386,255409502.68450737
2021-05-31,4029.21974,4175.55944,4009.70778,4156.04748,304273071.4905115
2021-06-02,4243.8513,4273.11924,4126.77954,4156.04748,290965541.1347707
2021-06-03,4165.80346,4253.60728,4117.02356,4253.60728,161618104.99816522
2021-06-04,4273.11924,4282.87522,4185.31542,4234.09532,128724638.63189553
2021-06-07,4234.09532,4243.8513,4107.26758,4146.2915,142339877.69552624
2021-06-08,4175.55944,4175.55944,4087.75562,4097.5116,101463820.13903268
2021-06-09,3999.9518,4165.80346,3999.9518,4117.02356,100108241.30430771
2021-06-10,4175.55944,4214.58336,4156.04748,4195.0714,99689933.76370186
2021-06-11,4243.8513,4243.8513,4175.55944,4175.55944,53867576.60429809
2021-06-14,4224.33934,4243.8513,4175.55944,4243.8513,124269832.45148104
2021-06-15,4243.8513,4243.8513,4107.26758,4126.77954,187027648.68316665
2021-06-16,4048.7317,4068.24366,3912.14798,3912.14798,448204690.8665249
2021-06-17,3882.88004,3970.68386,3834.10014,3931.65994,313325468.0718903
2021-06-18,3960.92788,3960.92788,3814.58818,3814.58818,303403963.5177604
2021-06-21,3785.32024,3873.12406,3765.80828,3843.85612,148665946.42465442
2021-06-22,3843.85612,3970.68386,3824.34416,3941.41592,123775366.49316624
2021-06-23,3951.1719,3970.68386,3843.85612,3843.85612,166563277.08748892
2021-06-24,3902.392,3912.14798,3863.36808,3892.63602,51642172.28817607
2021-06-25,3931.65994,3941.41592,3892.63602,3892.63602,77480478.63976762
2021-06-28,3882.88004,3892.63602,3834.10014,3834.10014,144764339.4102899
2021-06-29,3765.80828,3814.58818,3765.80828,3804.8322,124818624.06441998
2021-06-30,3804.8322,3873.12406,3795.07622,3843.85612,115669671.3195394
2021-07-01,3843.85612,3873.12406,3814.58818,3843.85612,98064879.18179414
2021-07-02,3902.392,3931.65994,3873.12406,3892.63602,87434783.58914226
2021-07-05,3834.10014,3863.36808,3785.32024,3804.8322,87093556.97736157
2021-07-06,3853.6121,3853.6121,3795.07622,3795.07622,56700608.24232932
2021-07-07,3824.34416,3843.85612,3717.02838,3726.78436,152443731.94696996
2021-07-08,3795.07622,3804.8322,3726.78436,3775.56426,151279112.91331062
2021-07-09,3765.80828,3775.56426,3687.76044,3707.2724,131023741.3360831
2021-07-12,3707.2724,3726.78436,3658.4925,3668.24848,122721858.79839852
2021-07-13,3707.2724,3707.2724,3668.24848,3687.76044,163704210.13573214
2021-07-14,3687.76044,3707.2724,3609.7126,3619.46858,107815001.67077014
2021-07-15,3658.4925,3746.29632,3638.98054,3717.02838,130319147.84573154
2021-07-16,3756.0523,3765.80828,3717.02838,3746.29632,100949571.44233587
2021-07-19,3756.0523,3756.0523,3687.76044,3687.76044,64599353.42220874
2021-07-21,3756.0523,3785.32024,3717.02838,3726.78436,98723859.62250844
2021-07-22,3775.56426,3814.58818,3746.29632,3804.8322,87443393.692894
2021-07-23,3843.85612,3853.6121,3736.54034,3775.56426,89417054.97551246
2021-07-26,3804.8322,3804.8322,3726.78436,3736.54034,84047732.77517994
2021-07-27,3765.80828,3765.80828,3678.00446,3707.2724,92940637.43468107
2021-07-28,3707.2724,3717.02838,3629.22456,3638.98054,72473908.31059514
2021-07-29,3668.24848,3746.29632,3658.4925,3678.00446,95807084.47536792
2021-07-30,3736.54034,3736.54034,3619.46858,3619.46858,105884903.41308612
2021-08-02,3678.00446,3678.00446,3609.7126,3648.73652,98592965.54523484
2021-08-03,3648.73652,3687.76044,3629.22456,3658.4925,81871426.55068994
2021-08-04,3697.51642,3756.0523,3678.00446,3756.0523,85584636.29486734
2021-08-05,3804.8322,3990.19582,3804.8322,3951.1719,274092505.31468904
2021-08-06,3951.1719,3960.92788,3804.8322,3834.10014,142061381.83965117
2021-08-09,3843.85612,3853.6121,3726.78436,3756.0523,95421577.33000682
2021-08-10,3795.07622,3795.07622,3717.02838,3726.78436,87916539.3942997
2021-08-12,3756.0523,3756.0523,3707.2724,3717.02838,88022833.17513978
2021-08-13,3726.78436,3785.32024,3726.78436,3775.56426,97681934.56731154
2021-08-16,3775.56426,3834.10014,3746.29632,3834.10014,65304766.92244142
2021-08-18,3892.63602,3990.19582,3834.10014,3970.68386,230485302.3478933
2021-08-19,3902.392,3921.90396,3765.80828,3785.32024,203335390.19145185
2021-08-20,3785.32024,3843.85612,3736.54034,3834.10014,82307569.30621015
2021-08-23,3882.88004,3892.63602,3834.10014,3863.36808,63488035.03082212
2021-08-24,3853.6121,3863.36808,3736.54034,3795.07622,140593871.65615347
2021-08-25,3756.0523,3804.8322,3756.0523,3795.07622,80668472.05508827
2021-08-26,3795.07622,3804.8322,3746.29632,3775.56426,64429611.3768171
2021-08-27,3795.07622,3795.07622,3736.54034,3746.29632,74078155.14176945
2021-08-30,3756.0523,3843.85612,3746.29632,3843.85612,119775153.29059716
2021-08-31,3843.85612,3853.6121,3775.56426,3834.10014,125682504.47417893
2021-09-01,3834.10014,3834.10014,3785.32024,3795.07622,91030219.41414396
2021-09-02,3765.80828,3795.07622,3746.29632,3775.56426,75702697.21750148
2021-09-03,3756.0523,3834.10014,3717.02838,3834.10014,153802180.81627885
2021-09-06,3853.6121,3882.88004,3756.0523,3756.0523,176047203.86880663
2021-09-07,3795.07622,3824.34416,3775.56426,3814.58818,130808283.73981906
2021-09-08,3820.0,3880.0,3720.0,3730.0,228087900.0
2021-09-09,3700.0,3770.0,3650.0,3730.0,306319600.0
2021-09-10,3710.0,3790.0,3670.0,3780.0,177033000.0
2021-09-13,3710.0,3750.0,3660.0,3700.0,169825000.0
2021-09-14,3720.0,3730.0,3660.0,3700.0,216363400.0
2021-09-15,3670.0,3670.0,3620.0,3660.0,263544000.0
2021-09-16,3650.0,3660.0,3610.0,3640.0,194782800.0
2021-09-17,3630.0,3640.0,3570.0,3610.0,346529100.0
2021-09-20,3590.0,3590.0,3510.0,3590.0,357971300.0
2021-09-21,3510.0,3580.0,3500.0,3570.0,410533900.0
2021-09-22,3520.0,3650.0,3520.0,3610.0,416087300.0
2021-09-23,3600.0,3770.0,3590.0,3770.0,432390800.0
2021-09-24,3790.0,3860.0,3770.0,3820.0,634549600.0
2021-09-27,3770.0,3800.0,3730.0,3750.0,380151200.0
2021-09-28,3770.0,3770.0,3690.0,3720.0,306827400.0
2021-09-29,3720.0,3750.0,3690.0,3740.0,143081800.0
2021-09-30,3760.0,3870.0,3750.0,3850.0,416099000.0
2021-10-01,3850.0,3920.0,3830.0,3900.0,359864700.0
2021-10-04,3900.0,4010.0,3890.0,3970.0,335762600.0
2021-10-05,3950.0,3980.0,3910.0,3930.0,236562700.0
2021-10-06,3920.0,4150.0,3920.0,4120.0,446708800.0
2021-10-07,4150.0,4170.0,4070.0,4120.0,264905400.0
2021-10-08,4190.0,4240.0,4130.0,4160.0,196631600.0
2021-10-11,4160.0,4200.0,4130.0,4180.0,146720100.0
2021-10-12,4180.0,4240.0,4180.0,4220.0,241196000.0
2021-10-13,4230.0,4300.0,4220.0,4280.0,264629400.0
2021-10-14,4280.0,4350.0,4230.0,4250.0,196989500.0
2021-10-15,4250.0,4330.0,4220.0,4320.0,318189600.0
2021-10-18,4350.0,4410.0,4340.0,4410.0,286829000.0
2021-10-19,4450.0,4450.0,4360.0,4400.0,161256300.0
2021-10-21,4450.0,4460.0,4320.0,4360.0,319230200.0
2021-10-22,4340.0,4400.0,4320.0,4400.0,160459300.0
2021-10-25,4330.0,4370.0,4300.0,4300.0,128240100.0
2021-10-26,4280.0,4370.0,4270.0,4350.0,108782400.0
2021-10-27,4330.0,4340.0,4260.0,4290.0,258038300.0
2021-10-28,4210.0,4300.0,4200.0,4240.0,159645200.0
2021-10-29,4300.0,4300.0,4220.0,4250.0,155011100.0
2021-11-01,4330.0,4330.0,4220.0,4230.0,102079300.0
2021-11-02,4270.0,4270.0,4210.0,4210.0,124799700.0
2021-11-03,4250.0,4300.0,4210.0,4290.0,100486300.0
2021-11-04,4330.0,4340.0,4250.0,4250.0,119591100.0
2021-11-05,4270.0,4270.0,4210.0,4240.0,74347000.0
2021-11-08,4250.0,4260.0,4220.0,4230.0,79465600.0
2021-11-09,4230.0,4250.0,4220.0,4250.0,92453200.0
2021-11-10,4230.0,4260.0,4210.0,4250.0,69475400.0
2021-11-11,4290.0,4300.0,4230.0,4250.0,149637700.0
2021-11-12,4270.0,4290.0,4210.0,4220.0,80234400.0
2021-11-15,4220.0,4220.0,4140.0,4160.0,220142300.0
2021-11-16,4120.0,4170.0,4120.0,4130.0,163555000.0
2021-11-17,4170.0,4200.0,4160.0,4200.0,126523700.0
2021-11-18,4150.0,4190.0,4140.0,4180.0,114881200.0
2021-11-19,4220.0,4290.0,4220.0,4280.0,182167700.0
2021-11-22,4310.0,4310.0,4250.0,4280.0,151514000.0
2021-11-23,4280.0,4280.0,4200.0,4210.0,104294200.0
2021-11-24,4200.0,4230.0,4190.0,4210.0,111072800.0
2021-11-25,4180.0,4250.0,4180.0,4220.0,123609400.0
2021-11-26,4190.0,4220.0,4150.0,4160.0,148652500.0
2021-11-29,4150.0,4190.0,4080.0,4170.0,164312800.0
2021-11-30,4150.0,4220.0,4090.0,4090.0,316653200.0
2021-12-01,4090.0,4180.0,4070.0,4080.0,163457900.0
2021-12-02,4060.0,4220.0,4060.0,4200.0,139281800.0
2021-12-03,4210.0,4220.0,4170.0,4170.0,93227100.0
2021-12-06,4200.0,4220.0,4110.0,4110.0,106610000.0
2021-12-07,4190.0,4230.0,4160.0,4230.0,182048000.0
2021-12-08,4250.0,4250.0,4170.0,4210.0,143230200.0
2021-12-09,4220.0,4220.0,4160.0,4190.0,90471500.0
2021-12-10,4130.0,4160.0,4130.0,4130.0,122999200.0
2021-12-13,4170.0,4200.0,4160.0,4160.0,86848900.0
2021-12-14,4150.0,4160.0,4130.0,4130.0,100110000.0
2021-12-15,4150.0,4230.0,4140.0,4200.0,124522800.0
2021-12-16,4220.0,4220.0,4120.0,4140.0,136646600.0
2021-12-17,4090.0,4140.0,4090.0,4110.0,153165400.0
2021-12-20,4070.0,4130.0,4060.0,4120.0,89198900.0
2021-12-21,4100.0,4120.0,4080.0,4080.0,109561800.0
2021-12-22,4100.0,4110.0,4050.0,4050.0,104738000.0
2021-12-23,4090.0,4110.0,4060.0,4100.0,72736800.0
2021-12-24,4100.0,4120.0,4050.0,4070.0,59795000.0
2021-12-27,4070.0,4110.0,4060.0,4060.0,65491200.0
2021-12-28,4090.0,4110.0,4070.0,4090.0,52952500.0
2021-12-29,4090.0,4100.0,4070.0,4080.0,27676500.0
2021-12-30,4080.0,4140.0,4060.0,4110.0,146989400.0
2022-01-03,4120.0,4190.0,4090.0,4180.0,90842500.0
2022-01-04,4200.0,4210.0,4160.0,4160.0,93950000.0
2022-01-05,4180.0,4230.0,4130.0,4210.0,174376400.0
2022-01-06,4240.0,4240.0,4140.0,4160.0,137280000.0
2022-01-07,4170.0,4200.0,4150.0,4190.0,101275000.0
2022-01-10,4190.0,4210.0,4180.0,4180.0,70722600.0
2022-01-11,4180.0,4180.0,4130.0,4150.0,99404900.0
2022-01-12,4170.0,4180.0,4130.0,4160.0,65907000.0
2022-01-13,4180.0,4190.0,4170.0,4190.0,103522400.0
2022-01-14,4190.0,4210.0,4160.0,4180.0,110213800.0
2022-01-17,4200.0,4210.0,4180.0,4210.0,102957100.0
2022-01-18,4240.0,4240.0,4140.0,4190.0,120275000.0
2022-01-19,4210.0,4210.0,4130.0,4130.0,109954700.0
2022-01-20,4130.0,4160.0,4110.0,4130.0,86394600.0
2022-01-21,4130.0,4170.0,4110.0,4170.0,84972500.0
2022-01-24,4140.0,4160.0,4100.0,4120.0,76709900.0
2022-01-25,4100.0,4110.0,4000.0,4070.0,185007800.0
2022-01-26,4030.0,4100.0,4030.0,4090.0,97589500.0
2022-01-27,4070.0,4140.0,4060.0,4140.0,80682900.0
2022-01-28,4170.0,4170.0,4090.0,4140.0,84812100.0
2022-01-31,4170.0,4170.0,4070.0,4070.0,78498500.0
2022-02-02,4120.0,4120.0,4060.0,4070.0,81546300.0
2022-02-03,4180.0,4180.0,4130.0,4130.0,157898800.0
2022-02-04,4170.0,4210.0,4150.0,4210.0,236602900.0
2022-02-07,4240.0,4410.0,4220.0,4400.0,468016600.0
2022-02-08,4450.0,4550.0,4400.0,4440.0,310878100.0
2022-02-09,4400.0,4500.0,4380.0,4450.0,149000100.0
2022-02-10,4500.0,4500.0,4450.0,4470.0,112521600.0
2022-02-11,4420.0,4450.0,4380.0,4450.0,103418200.0
2022-02-14,4450.0,4450.0,4380.0,4410.0,105260000.0
2022-02-15,4440.0,4450.0,4390.0,4430.0,96658500.0
2022-02-16,4470.0,4470.0,4410.0,4420.0,89636300.0
2022-02-17,4390.0,4410.0,4340.0,4400.0,118305100.0
2022-02-18,4400.0,4440.0,4370.0,4430.0,127058000.0
2022-02-21,4460.0,4490.0,4440.0,4490.0,133717300.0
2022-02-22,4440.0,4470.0,4420.0,4430.0,109060900.0
2022-02-23,4520.0,4520.0,4460.0,4480.0,160827800.0
2022-02-24,4470.0,4470.0,4370.0,4390.0,217523600.0
2022-02-25,4450.0,4550.0,4410.0,4550.0,301346400.0
2022-03-01,4850.0,4860.0,4630.0,4630.0,494657800.0
2022-03-02,4680.0,4690.0,4550.0,4560.0,186635200.0
2022-03-04,4720.0,4730.0,4610.0,4670.0,292022600.0
2022-03-07,4580.0,4630.0,4520.0,4520.0,224515800.0
2022-03-08,4500.0,4560.0,4430.0,4430.0,214870200.0
2022-03-09,4530.0,4590.0,4500.0,4570.0,191967100.0
2022-03-10,4640.0,4640.0,4510.0,4570.0,225575800.0
2022-03-11,4400.0,4440.0,4370.0,4400.0,275965300.0
2022-03-14,4440.0,4540.0,4410.0,4520.0,212052100.0
2022-03-15,4550.0,4640.0,4530.0,4610.0,357755700.0
2022-03-16,4650.0,4660.0,4610.0,4650.0,226817000.0
2022-03-17,4690.0,4700.0,4610.0,4650.0,224068000.0
2022-03-18,4700.0,4700.0,4580.0,4580.0,257863400.0
2022-03-21,4600.0,4630.0,4560.0,4590.0,118791900.0
2022-03-22,4690.0,4710.0,4640.0,4640.0,177758500.0
2022-03-23,4680.0,4690.0,4620.0,4650.0,146545100.0
2022-03-24,4640.0,4730.0,4620.0,4730.0,206271600.0
2022-03-25,4760.0,4760.0,4650.0,4710.0,137104800.0
2022-03-28,4730.0,4740.0,4670.0,4730.0,106801800.0
2022-03-29,4750.0,4750.0,4670.0,4690.0,93155100.0
2022-03-30,4740.0,4740.0,4690.0,4710.0,83364400.0
2022-03-31,4700.0,4750.0,4660.0,4660.0,158650000.0
2022-04-01,4690.0,4730.0,4630.0,4730.0,145105000.0
2022-04-04,4730.0,4730.0,4660.0,4700.0,103902000.0
2022-04-05,4730.0,4740.0,4670.0,4700.0,76154300.0
2022-04-06,4690.0,4690.0,4600.0,4600.0,111009800.0
2022-04-07,4670.0,4670.0,4620.0,4630.0,91942500.0
2022-04-08,4630.0,4650.0,4600.0,4610.0,125657900.0
2022-04-11,4600.0,4620.0,4570.0,4570.0,109861100.0
2022-04-12,4550.0,4610.0,4550.0,4610.0,96961200.0
2022-04-13,4640.0,4640.0,4590.0,4610.0,112327600.0
2022-04-14,4600.0,4610.0,4530.0,4540.0,150659600.0
2022-04-18,4550.0,4580.0,4540.0,4550.0,82795100.0
2022-04-19,4550.0,4600.0,4540.0,4570.0,148475600.0
2022-04-20,4610.0,4870.0,4600.0,4850.0,404383100.0
2022-04-21,4850.0,4850.0,4760.0,4800.0,208253300.0
2022-04-22,4750.0,4850.0,4720.0,4750.0,174349500.0
2022-04-25,4700.0,4850.0,4670.0,4840.0,235752400.0
2022-04-26,4840.0,4980.0,4830.0,4940.0,262734300.0
2022-04-27,4900.0,4930.0,4850.0,4850.0,191955100.0
2022-04-28,4870.0,4930.0,4860.0,4870.0,193821200.0
2022-05-09,4750.0,4760.0,4530.0,4530.0,561600400.0
2022-05-10,4260.0,4530.0,4260.0,4530.0,435782800.0
2022-05-11,4550.0,4580.0,4480.0,4490.0,205233800.0
2022-05-12,4490.0,4490.0,4300.0,4320.0,207373600.0
2022-05-13,4250.0,4360.0,4250.0,4250.0,336711300.0
2022-05-17,4270.0,4520.0,4270.0,4450.0,272650400.0
2022-05-18,4500.0,4530.0,4430.0,4450.0,129716500.0
2022-05-19,4350.0,4460.0,4300.0,4440.0,132614900.0
2022-05-20,4440.0,4490.0,4410.0,4430.0,122101000.0
2022-05-23,4410.0,4440.0,4320.0,4330.0,175709000.0
2022-05-24,4320.0,4500.0,4320.0,4460.0,165758600.0
2022-05-25,4430.0,4450.0,4350.0,4350.0,138961700.0
2022-05-27,4500.0,4540.0,4440.0,4540.0,209962100.0
2022-05-30,4540.0,4540.0,4390.0,4430.0,193724500.0
2022-05-31,4470.0,4630.0,4450.0,4630.0,379626500.0
2022-06-02,4540.0,4600.0,4480.0,4480.0,225697500.0
2022-06-03,4530.0,4570.0,4510.0,4520.0,117643300.0
2022-06-06,4470.0,4510.0,4400.0,4430.0,157277700.0
2022-06-07,4460.0,4460.0,4400.0,4400.0,133318000.0
2022-06-08,4400.0,4470.0,4380.0,4470.0,150604000.0
2022-06-09,4500.0,4520.0,4480.0,4490.0,161768800.0
2022-06-10,4470.0,4470.0,4360.0,4400.0,222410400.0
2022-06-13,4260.0,4350.0,4260.0,4340.0,164017200.0
2022-06-14,4300.0,4410.0,4300.0,4360.0,150381800.0
2022-06-15,4360.0,4450.0,4360.0,4450.0,160729900.0
2022-06-16,4420.0,4530.0,4410.0,4430.0,240023000.0
2022-06-17,4370.0,4400.0,4350.0,4370.0,185763100.0
2022-06-20,4400.0,4410.0,4340.0,4400.0,95058800.0
2022-06-21,4430.0,4430.0,4380.0,4380.0,103964600.0
2022-06-22,4410.0,4410.0,4310.0,4320.0,106208500.0
2022-06-23,4300.0,4360.0,4300.0,4310.0,127600700.0
2022-06-24,4320.0,4350.0,4310.0,4340.0,66083900.0
2022-06-27,4310.0,4330.0,4270.0,4280.0,152449600.0
2022-06-28,4320.0,4330.0,4280.0,4300.0,161054900.0
2022-06-29,4280.0,4310.0,4180.0,4180.0,199246800.0
2022-06-30,4120.0,4220.0,4120.0,4150.0,239939100.0
2022-07-01,4150.0,4200.0,4110.0,4140.0,154253000.0
2022-07-04,4090.0,4120.0,3960.0,4040.0,258383400.0
2022-07-05,4040.0,4160.0,4040.0,4090.0,172365600.0
2022-07-06,4050.0,4100.0,4020.0,4080.0,125309100.0
2022-07-07,4040.0,4110.0,4040.0,4050.0,172127500.0
2022-07-08,4090.0,4200.0,4050.0,4200.0,112914000.0
2022-07-11,4150.0,4170.0,4100.0,4120.0,80867700.0
2022-07-12,4120.0,4140.0,4100.0,4110.0,56085200.0
2022-07-13,4110.0,4130.0,4030.0,4060.0,165745200.0
2022-07-14,4010.0,4090.0,4010.0,4060.0,150455300.0
2022-07-15,4060.0,4120.0,4050.0,4110.0,91362800.0
2022-07-18,4110.0,4140.0,4080.0,4140.0,135284500.0
2022-07-19,4150.0,4150.0,4110.0,4110.0,122905900.0
2022-07-20,4180.0,4300.0,4160.0,4300.0,220223600.0
2022-07-21,4300.0,4310.0,4230.0,4310.0,130405400.0
2022-07-22,4330.0,4330.0,4270.0,4270.0,86561100.0
2022-07-25,4250.0,4300.0,4250.0,4250.0,60952800.0
2022-07-26,4270.0,4350.0,4260.0,4330.0,97709800.0
2022-07-27,4380.0,4380.0,4300.0,4320.0,88570800.0
2022-07-28,4340.0,4400.0,4340.0,4360.0,136421400.0
2022-07-29,4390.0,4430.0,4340.0,4360.0,228669400.0
2022-08-01,4390.0,4410.0,4330.0,4360.0,200791700.0
2022-08-02,4360.0,4400.0,4300.0,4400.0,173931200.0
2022-08-03,4410.0,4420.0,4350.0,4380.0,103426000.0
2022-08-04,4380.0,4390.0,4350.0,4360.0,96960600.0
2022-08-05,4360.0,4400.0,4320.0,4360.0,168879400.0
2022-08-08,4360.0,4400.0,4340.0,4370.0,107242600.0
2022-08-09,4400.0,4470.0,4390.0,4410.0,181747100.0
2022-08-10,4350.0,4370.0,4300.0,4310.0,205341100.0
2022-08-11,4380.0,4410.0,4340.0,4350.0,193329000.0
2022-08-12,4340.0,4350.0,4320.0,4320.0,104325400.0
2022-08-15,4330.0,4350.0,4300.0,4300.0,135099400.0
2022-08-16,4350.0,4350.0,4270.0,4280.0,205432400.0
2022-08-18,4330.0,4340.0,4310.0,4330.0,138795300.0
2022-08-19,4340.0,4340.0,4300.0,4300.0,84509100.0
2022-08-22,4320.0,4330.0,4270.0,4270.0,121124400.0
2022-08-23,4260.0,4310.0,4260.0,4300.0,107799500.0
2022-08-24,4300.0,4330.0,4280.0,4290.0,75055900.0
2022-08-25,4280.0,4300.0,4270.0,4270.0,117653800.0
2022-08-26,4280.0,4290.0,4270.0,4270.0,87375200.0
2022-08-29,4250.0,4270.0,4220.0,4250.0,105715200.0
2022-08-30,4250.0,4300.0,4250.0,4260.0,136627300.0
2022-08-31,4250.0,4350.0,4240.0,4340.0,191475700.0
2022-09-01,4320.0,4390.0,4310.0,4390.0,139997700.0
2022-09-02,4410.0,4450.0,4380.0,4450.0,189113000.0
2022-09-05,4430.0,4600.0,4420.0,4590.0,261126600.0
2022-09-06,4670.0,4690.0,4550.0,4560.0,188117100.0
2022-09-07,4510.0,4550.0,4460.0,4460.0,212065700.0
2022-09-08,4480.0,4620.0,4480.0,4600.0,250373200.0
2022-09-09,4640.0,4640.0,4570.0,4610.0,119286700.0
2022-09-12,4610.0,4630.0,4560.0,4560.0,97988000.0
2022-09-13,4560.0,4640.0,4560.0,4580.0,141828800.0
2022-09-14,4520.0,4610.0,4510.0,4580.0,149960600.0
2022-09-15,4600.0,4700.0,4590.0,4610.0,295664100.0
2022-09-16,4610.0,4620.0,4500.0,4500.0,282492200.0
2022-09-19,4520.0,4600.0,4500.0,4570.0,134432000.0
2022-09-20,4570.0,4600.0,4490.0,4490.0,138695500.0
2022-09-21,4490.0,4550.0,4470.0,4550.0,159976900.0
2022-09-22,4500.0,4580.0,4500.0,4560.0,100425300.0
2022-09-23,4540.0,4560.0,4480.0,4480.0,139074000.0
2022-09-26,4480.0,4540.0,4410.0,4540.0,280747500.0
2022-09-27,4500.0,4550.0,4480.0,4530.0,213704600.0
2022-09-28,4510.0,4560.0,4480.0,4520.0,161815300.0
2022-09-29,4520.0,4540.0,4460.0,4480.0,169368600.0
2022-09-30,4450.0,4510.0,4410.0,4490.0,224229200.0
2022-10-03,4500.0,4550.0,4480.0,4530.0,159559600.0
2022-10-04,4560.0,4650.0,4560.0,4640.0,256367100.0
2022-10-05,4660.0,4660.0,4540.0,4540.0,182246200.0
2022-10-06,4540.0,4570.0,4510.0,4510.0,123346200.0
2022-10-07,4480.0,4490.0,4430.0,4440.0,133678600.0
2022-10-10,4420.0,4430.0,4340.0,4370.0,193923600.0
2022-10-11,4390.0,4430.0,4370.0,4430.0,133742200.0
2022-10-12,4470.0,4470.0,4400.0,4400.0,128747800.0
2022-10-13,4390.0,4420.0,4350.0,4350.0,104269900.0
2022-10-14,4380.0,4390.0,4270.0,4270.0,182095700.0
2022-10-17,4270.0,4320.0,4260.0,4300.0,145506000.0
2022-10-18,4280.0,4340.0,4280.0,4290.0,161444100.0
2022-10-19,4280.0,4340.0,4280.0,4300.0,81682300.0
2022-10-20,4280.0,4400.0,4280.0,4390.0,149521700.0
2022-10-21,4360.0,4460.0,4360.0,4430.0,165052200.0
2022-10-24,4430.0,4540.0,4430.0,4500.0,186997700.0
2022-10-25,4560.0,4610.0,4550.0,4590.0,237856900.0
2022-10-26,4600.0,4610.0,4500.0,4530.0,164992200.0
2022-10-27,4550.0,4600.0,4530.0,4600.0,131407700.0
2022-10-28,4600.0,4630.0,4560.0,4630.0,189534700.0
2022-10-31,4630.0,4680.0,4630.0,4650.0,227969800.0
2022-11-01,4690.0,4700.0,4630.0,4660.0,214442200.0
2022-11-02,4680.0,4680.0,4570.0,4610.0,145301400.0
2022-11-03,4630.0,4660.0,4590.0,4650.0,147388900.0
2022-11-04,4650.0,4660.0,4610.0,4650.0,73008300.0
2022-11-07,4650.0,4690.0,4610.0,4690.0,84930700.0
2022-11-08,4690.0,4690.0,4610.0,4620.0,81049600.0
2022-11-09,4600.0,4650.0,4600.0,4650.0,94722900.0
2022-11-10,4560.0,4580.0,4520.0,4530.0,173833100.0
2022-11-11,4620.0,4650.0,4590.0,4650.0,153238500.0
2022-11-14,4620.0,4640.0,4550.0,4580.0,156892500.0
2022-11-15,4580.0,4610.0,4560.0,4580.0,71985700.0
2022-11-16,4590.0,4610.0,4490.0,4520.0,249900500.0
2022-11-17,4520.0,4670.0,4500.0,4670.0,217126700.0
2022-11-18,4670.0,4680.0,4610.0,4610.0,105351900.0
2022-11-21,4620.0,4630.0,4560.0,4590.0,96343400.0
2022-11-22,4570.0,4670.0,4570.0,4590.0,154866000.0
2022-11-23,4640.0,4670.0,4630.0,4670.0,148640900.0
2022-11-24,4700.0,4740.0,4670.0,4720.0,168898100.0
2022-11-25,4700.0,4750.0,4690.0,4750.0,152038400.0
2022-11-28,4730.0,4830.0,4730.0,4820.0,195211800.0
2022-11-29,4820.0,4860.0,4790.0,4850.0,166057400.0
2022-11-30,4810.0,4980.0,4800.0,4980.0,395465800.0
2022-12-01,5000.0,5025.0,4900.0,4940.0,240171100.0
2022-12-02,4900.0,4930.0,4860.0,4890.0,200044500.0
2022-12-05,4910.0,4930.0,4860.0,4890.0,106809900.0
2022-12-06,4860.0,4890.0,4800.0,4860.0,151347200.0
2022-12-07,4840.0,4840.0,4740.0,4760.0,219528600.0
2022-12-08,4760.0,4840.0,4710.0,4840.0,137593900.0
2022-12-09,4830.0,4840.0,4760.0,4800.0,180384800.0
2022-12-12,4800.0,4850.0,4760.0,4850.0,113787500.0
2022-12-13,4870.0,4980.0,4840.0,4970.0,158080300.0
2022-12-14,5000.0,5000.0,4870.0,4980.0,201343100.0
2022-12-15,4900.0,4940.0,4880.0,4910.0,143086000.0
2022-12-16,4820.0,4980.0,4820.0,4980.0,350112900.0
2022-12-19,4970.0,4980.0,4920.0,4970.0,64757100.0
2022-12-20,4930.0,4970.0,4890.0,4910.0,79066000.0
2022-12-21,4910.0,4940.0,4870.0,4890.0,71596900.0
2022-12-22,4910.0,4970.0,4900.0,4960.0,72725200.0
2022-12-23,4920.0,4940.0,4880.0,4880.0,53350600.0
2022-12-26,4900.0,4930.0,4890.0,4930.0,43590300.0
2022-12-27,4930.0,4950.0,4860.0,4870.0,81817500.0
2022-12-28,4870.0,4880.0,4810.0,4820.0,134315900.0
2022-12-29,4820.0,4870.0,4800.0,4870.0,106690700.0
2022-12-30,4870.0,4950.0,4870.0,4940.0,182091500.0
2023-01-02,4910.0,4920.0,4820.0,4870.0,109069900.0
2023-01-03,4830.0,4900.0,4830.0,4850.0,95179400.0
2023-01-04,4850.0,4850.0,4770.0,4770.0,188230000.0
2023-01-05,4750.0,4760.0,4570.0,4640.0,292142000.0
2023-01-06,4550.0,4640.0,4550.0,4620.0,175932000.0
2023-01-09,4580.0,4640.0,4550.0,4590.0,166620000.0
2023-01-10,4550.0,4570.0,4410.0,4430.0,250490000.0
2023-01-11,4410.0,4430.0,4360.0,4380.0,249085500.0
2023-01-12,4480.0,4520.0,4410.0,4500.0,191801400.0
2023-01-13,4510.0,4530.0,4420.0,4480.0,134661900.0
2023-01-16,4430.0,4530.0,4420.0,4520.0,162026700.0
2023-01-17,4520.0,4580.0,4510.0,4560.0,150577400.0
2023-01-18,4560.0,4620.0,4560.0,4600.0,178058900.0
2023-01-19,4590.0,4630.0,4580.0,4610.0,103197400.0
2023-01-20,4630.0,4670.0,4620.0,4650.0,99716100.0
2023-01-24,4660.0,4680.0,4590.0,4620.0,74760100.0
2023-01-25,4620.0,4620.0,4550.0,4560.0,73861500.0
2023-01-26,4560.0,4620.0,4550.0,4590.0,113894600.0
2023-01-27,4600.0,4680.0,4600.0,4640.0,160345400.0
2023-01-30,4650.0,4680.0,4570.0,4610.0,221100100.0
2023-01-31,4610.0,4620.0,4570.0,4580.0,211639100.0
2023-02-01,4630.0,4690.0,4620.0,4680.0,181954400.0
2023-02-02,4650.0,4680.0,4600.0,4600.0,125410800.0
2023-02-03,4650.0,4780.0,4630.0,4750.0,198944500.0
2023-02-06,4780.0,4810.0,4680.0,4740.0,141454400.0
2023-02-07,4740.0,4790.0,4720.0,4750.0,140923100.0
2023-02-08,4710.0,4790.0,4710.0,4790.0,168618100.0
2023-02-09,4790.0,4840.0,4770.0,4810.0,155917600.0
2023-02-10,4840.0,4880.0,4770.0,4860.0,181146600.0
2023-02-13,4900.0,4900.0,4800.0,4800.0,122509100.0
2023-02-14,4820.0,4870.0,4810.0,4870.0,101007200.0
2023-02-15,4890.0,4890.0,4810.0,4870.0,107131200.0
2023-02-16,4890.0,4890.0,4850.0,4870.0,69966900.0
2023-02-17,4890.0,4890.0,4830.0,4880.0,90548800.0
2023-02-20,4900.0,4900.0,4840.0,4880.0,88433000.0
2023-02-21,4880.0,4880.0,4820.0,4820.0,59319100.0
2023-02-22,4790.0,4810.0,4730.0,4760.0,122400600.0
2023-02-23,4810.0,4810.0,4730.0,4800.0,139206900.0
2023-02-24,4800.0,4840.0,4760.0,4760.0,60495900.0
2023-02-27,4780.0,4810.0,4760.0,4810.0,76714400.0
2023-02-28,4760.0,4790.0,4670.0,4670.0,273125500.0
2023-03-01,4730.0,4750.0,4700.0,4720.0,115578600.0
2023-03-02,4750.0,4780.0,4720.0,4780.0,59394100.0
2023-03-03,4800.0,4800.0,4730.0,4760.0,84777000.0
2023-03-06,4790.0,4800.0,4780.0,4790.0,78880100.0
2023-03-07,4770.0,4850.0,4770.0,4840.0,98412500.0
2023-03-08,4850.0,4850.0,4820.0,4840.0,103767800.0
2023-03-09,4860.0,4870.0,4810.0,4810.0,79549800.0
2023-03-10,4820.0,4830.0,4800.0,4820.0,125157100.0
2023-03-13,4810.0,4870.0,4770.0,4830.0,106769300.0
2023-03-14,4770.0,4790.0,4690.0,4710.0,193559600.0
2023-03-15,4760.0,4770.0,4700.0,4700.0,89886400.0
2023-03-16,4700.0,4750.0,4640.0,4730.0,141491300.0
2023-03-17,4770.0,4900.0,4750.0,4900.0,204810200.0
2023-03-20,4840.0,4880.0,4820.0,4880.0,114461300.0
2023-03-21,4870.0,4920.0,4840.0,4900.0,193095400.0
2023-03-24,4750.0,4820.0,4720.0,4770.0,311147800.0
2023-03-27,4750.0,4790.0,4720.0,4740.0,144957300.0
2023-03-28,4740.0,4780.0,4740.0,4770.0,88575500.0
2023-03-29,4800.0,4820.0,4770.0,4810.0,112591000.0
2023-03-30,4810.0,4810.0,4740.0,4750.0,98853500.0
2023-03-31,4730.0,4750.0,4710.0,4730.0,161595700.0
2023-04-03,4770.0,4800.0,4760.0,4800.0,115874700.0
2023-04-04,4800.0,4820.0,4760.0,4820.0,65766900.0
2023-04-05,4810.0,4880.0,4800.0,4830.0,119450400.0
2023-04-06,4860.0,4860.0,4820.0,4840.0,88035900.0
2023-04-10,4860.0,4860.0,4820.0,4860.0,40466300.0
2023-04-11,4860.0,4890.0,4830.0,4880.0,67172500.0
2023-04-12,4950.0,4950.0,4890.0,4930.0,166993800.0
2023-04-13,4950.0,5000.0,4930.0,4980.0,179405400.0
2023-04-14,5050.0,5100.0,5000.0,5075.0,168228700.0
2023-04-17,5075.0,5075.0,4960.0,4990.0,121238600.0
2023-04-18,4990.0,5025.0,4950.0,4950.0,96867000.0
2023-04-26,5150.0,5150.0,4930.0,5025.0,273336000.0
2023-04-27,4990.0,5150.0,4990.0,5150.0,161579000.0
2023-04-28,5175.0,5275.0,5100.0,5100.0,251912000.0
2023-05-02,5175.0,5175.0,5050.0,5150.0,113287400.0
2023-05-03,5225.0,5225.0,5050.0,5100.0,152483900.0
2023-05-04,5150.0,5175.0,5075.0,5150.0,120038600.0
2023-05-05,5225.0,5250.0,5125.0,5225.0,158898000.0
2023-05-08,5250.0,5250.0,5050.0,5100.0,107804200.0
2023-05-09,5050.0,5125.0,5025.0,5125.0,103015100.0
2023-05-10,5075.0,5150.0,5050.0,5150.0,108419000.0
2023-05-11,5175.0,5175.0,5100.0,5150.0,85625400.0
2023-05-12,5100.0,5175.0,5100.0,5150.0,77156700.0
2023-05-15,5150.0,5175.0,5025.0,5150.0,133630500.0
2023-05-16,5175.0,5200.0,5100.0,5200.0,86624300.0
2023-05-17,5250.0,5250.0,5175.0,5200.0,115835000.0
2023-05-19,5225.0,5450.0,5200.0,5400.0,166540800.0
2023-05-22,5300.0,5500.0,5300.0,5425.0,163193100.0
2023-05-23,5475.0,5600.0,5475.0,5500.0,221674600.0
2023-05-24,5525.0,5600.0,5450.0,5600.0,156211500.0
2023-05-25,5500.0,5575.0,5450.0,5475.0,197943500.0
2023-05-26,5425.0,5600.0,5425.0,5600.0,154003100.0
2023-05-29,5600.0,5625.0,5475.0,5550.0,125049100.0
2023-05-30,5500.0,5600.0,5500.0,5500.0,89882300.0
2023-05-31,5575.0,5575.0,5375.0,5575.0,506875200.0
2023-06-05,5600.0,5600.0,5425.0,5425.0,255472600.0
2023-06-06,5400.0,5500.0,5350.0,5450.0,92021400.0
2023-06-07,5475.0,5475.0,5350.0,5400.0,117647200.0
2023-06-08,5375.0,5475.0,5350.0,5475.0,92794100.0
2023-06-09,5425.0,5450.0,5375.0,5425.0,77348500.0
2023-06-12,5400.0,5400.0,5375.0,5400.0,92314200.0
2023-06-13,5400.0,5550.0,5400.0,5550.0,108831400.0
2023-06-14,5575.0,5575.0,5475.0,5550.0,62983600.0
2023-06-15,5475.0,5525.0,5450.0,5525.0,74388400.0
2023-06-16,5475.0,5550.0,5400.0,5550.0,189062600.0
2023-06-19,5500.0,5525.0,5450.0,5525.0,55144200.0
2023-06-20,5475.0,5550.0,5475.0,5550.0,102926800.0
2023-06-21,5500.0,5575.0,5500.0,5575.0,84658500.0
2023-06-22,5550.0,5600.0,5475.0,5475.0,94143200.0
2023-06-23,5425.0,5475.0,5400.0,5400.0,123350300.0
2023-06-26,5425.0,5475.0,5375.0,5450.0,85472100.0
2023-06-27,5450.0,5500.0,5425.0,5425.0,110778600.0
2023-07-03,5500.0,5550.0,5450.0,5475.0,168096500.0
2023-07-04,5500.0,5500.0,5425.0,5450.0,94462600.0
2023-07-05,5400.0,5450.0,5400.0,5450.0,109632800.0
2023-07-06,5450.0,5475.0,5400.0,5425.0,109446200.0
2023-07-07,5400.0,5425.0,5375.0,5375.0,114043800.0
2023-07-10,5425.0,5500.0,5400.0,5400.0,78972100.0
2023-07-11,5375.0,5450.0,5375.0,5425.0,122094700.0
2023-07-12,5450.0,5475.0,5425.0,5450.0,104993700.0
2023-07-13,5425.0,5475.0,5425.0,5450.0,134905700.0
2023-07-14,5450.0,5525.0,5425.0,5525.0,127814200.0
2023-07-17,5550.0,5625.0,5525.0,5575.0,166951300.0
2023-07-18,5625.0,5700.0,5600.0,5625.0,141884700.0
2023-07-20,5575.0,5650.0,5550.0,5625.0,111117300.0
2023-07-21,5600.0,5625.0,5575.0,5625.0,63094600.0
2023-07-24,5600.0,5650.0,5600.0,5600.0,62962500.0
2023-07-25,5625.0,5700.0,5625.0,5650.0,111248100.0
2023-07-26,5700.0,5700.0,5650.0,5675.0,76200300.0
2023-07-27,5675.0,5750.0,5650.0,5650.0,109659600.0
2023-07-28,5625.0,5700.0,5625.0,5700.0,74036700.0
2023-07-31,5700.0,5700.0,5650.0,5650.0,186727400.0
2023-08-01,5650.0,5750.0,5650.0,5700.0,100137500.0
2023-08-02,5650.0,5725.0,5650.0,5700.0,90565700.0
2023-08-03,5675.0,5750.0,5650.0,5700.0,82775000.0
2023-08-04,5700.0,5725.0,5575.0,5575.0,150738500.0
2023-08-07,5600.0,5725.0,5575.0,5700.0,88104900.0
2023-08-08,5700.0,5750.0,5600.0,5625.0,115672300.0
2023-08-09,5650.0,5725.0,5625.0,5700.0,91930000.0
2023-08-10,5675.0,5725.0,5675.0,5700.0,85574500.0
2023-08-11,5675.0,5700.0,5650.0,5650.0,74321000.0
2023-08-14,5650.0,5675.0,5575.0,5650.0,127358400.0
2023-08-15,5650.0,5675.0,5575.0,5575.0,89597300.0
2023-08-16,5550.0,5575.0,5450.0,5525.0,226754600.0
2023-08-18,5500.0,5600.0,5500.0,5575.0,121561200.0
2023-08-21,5550.0,5575.0,5500.0,5500.0,91640000.0
2023-08-22,5500.0,5625.0,5500.0,5575.0,101221500.0
2023-08-23,5600.0,5625.0,5575.0,5600.0,78686900.0
2023-08-24,5625.0,5625.0,5550.0,5550.0,74407500.0
2023-08-25,5550.0,5600.0,5525.0,5600.0,65096500.0
2023-08-28,5600.0,5625.0,5550.0,5550.0,37126600.0
2023-08-29,5525.0,5600.0,5525.0,5600.0,57547200.0
2023-08-30,5600.0,5600.0,5500.0,5525.0,171282700.0
2023-08-31,5525.0,5550.0,5475.0,5550.0,175088200.0
2023-09-01,5600.0,5600.0,5525.0,5575.0,87366100.0
2023-09-04,5600.0,5625.0,5575.0,5625.0,43898200.0
2023-09-05,5625.0,5650.0,5600.0,5625.0,72464300.0
2023-09-06,5625.0,5650.0,5575.0,5575.0,106367800.0
2023-09-07,5525.0,5550.0,5450.0,5450.0,157998600.0
2023-09-08,5425.0,5450.0,5300.0,5350.0,243324500.0
2023-09-11,5350.0,5425.0,5300.0,5425.0,80474100.0
2023-09-12,5450.0,5475.0,5375.0,5375.0,121654400.0
2023-09-13,5350.0,5425.0,5350.0,5400.0,59408000.0
2023-09-14,5325.0,5425.0,5325.0,5425.0,76831700.0
2023-09-15,5400.0,5450.0,5375.0,5375.0,141455400.0
2023-09-18,5350.0,5400.0,5300.0,5325.0,61329000.0
2023-09-19,5325.0,5375.0,5300.0,5375.0,61069300.0
2023-09-20,5350.0,5450.0,5350.0,5375.0,98710100.0
2023-09-21,5425.0,5425.0,5350.0,5350.0,68584900.0
2023-09-22,5350.0,5425.0,5350.0,5350.0,83184100.0
2023-09-25,5325.0,5350.0,5200.0,5300.0,131581100.0
2023-09-26,5250.0,5275.0,5200.0,5200.0,180280600.0
2023-09-27,5175.0,5300.0,5175.0,5225.0,119774700.0
2023-09-29,5300.0,5325.0,5225.0,5225.0,139541100.0
2023-10-02,5250.0,5300.0,5250.0,5250.0,81674600.0
2023-10-03,5250.0,5300.0,5250.0,5275.0,54506000.0
2023-10-04,5250.0,5275.0,5200.0,5250.0,121445000.0
2023-10-05,5250.0,5275.0,5175.0,5175.0,116814800.0
2023-10-06,5200.0,5250.0,5175.0,5175.0,70202300.0
2023-10-09,5200.0,5225.0,5125.0,5125.0,144477000.0
2023-10-10,5125.0,5250.0,5125.0,5175.0,115565600.0
2023-10-11,5150.0,5275.0,5150.0,5250.0,100394800.0
2023-10-12,5300.0,5375.0,5275.0,5300.0,174022400.0
2023-10-13,5275.0,5325.0,5250.0,5275.0,84648800.0
2023-10-16,5325.0,5325.0,5250.0,5250.0,61273200.0
2023-10-17,5250.0,5275.0,5150.0,5150.0,127287200.0
2023-10-18,5125.0,5225.0,5125.0,5150.0,180350500.0
2023-10-19,5100.0,5150.0,5000.0,5000.0,195793800.0
2023-10-20,4980.0,5100.0,4960.0,5050.0,194316200.0
2023-10-23,5000.0,5075.0,4990.0,5000.0,82756100.0
2023-10-24,5000.0,5100.0,4950.0,5100.0,104021500.0
2023-10-25,5100.0,5200.0,5100.0,5175.0,142215000.0
2023-10-26,5175.0,5175.0,4920.0,4920.0,330618800.0
2023-10-27,4950.0,5050.0,4940.0,5000.0,129599800.0
2023-10-30,4980.0,5025.0,4970.0,5000.0,108523700.0
2023-10-31,4980.0,5000.0,4960.0,4960.0,106760300.0
2023-11-01,4920.0,4960.0,4830.0,4830.0,191567200.0
2023-11-02,4940.0,5075.0,4910.0,5000.0,208075400.0
2023-11-03,5025.0,5175.0,5025.0,5100.0,125504000.0
2023-11-06,5100.0,5200.0,5100.0,5200.0,122333800.0
2023-11-07,5225.0,5275.0,5175.0,5250.0,137039400.0
2023-11-08,5200.0,5250.0,5175.0,5225.0,86781600.0
2023-11-09,5225.0,5275.0,5200.0,5200.0,66236400.0
2023-11-10,5150.0,5150.0,5050.0,5075.0,113811900.0
2023-11-13,5075.0,5125.0,5025.0,5025.0,92518000.0
2023-11-14,5075.0,5125.0,5050.0,5075.0,85419500.0
2023-11-15,5200.0,5300.0,5175.0,5250.0,193790400.0
2023-11-16,5275.0,5275.0,5175.0,5250.0,129684200.0
2023-11-17,5175.0,5250.0,5175.0,5225.0,70727500.0
2023-11-20,5175.0,5275.0,5175.0,5250.0,67314400.0
2023-11-21,5225.0,5250.0,5175.0,5200.0,104110500.0
2023-11-22,5175.0,5300.0,5175.0,5275.0,103585500.0
2023-11-23,5325.0,5400.0,5300.0,5350.0,174572400.0
2023-11-24,5400.0,5450.0,5375.0,5400.0,104413400.0
2023-11-27,5425.0,5450.0,5350.0,5350.0,76019100.0
2023-11-28,5325.0,5425.0,5325.0,5350.0,147993400.0
2023-11-29,5350.0,5375.0,5300.0,5300.0,106197800.0
2023-11-30,5375.0,5375.0,5275.0,5275.0,224426400.0
2023-12-01,5275.0,5375.0,5275.0,5350.0,99499500.0
2023-12-04,5450.0,5575.0,5450.0,5500.0,235656700.0
2023-12-05,5425.0,5500.0,5425.0,5450.0,114689900.0
2023-12-06,5425.0,5450.0,5400.0,5425.0,119716700.0
2023-12-07,5400.0,5475.0,5400.0,5475.0,102126600.0
2023-12-08,5425.0,5450.0,5375.0,5375.0,130542600.0
2023-12-11,5325.0,5375.0,5300.0,5300.0,124468600.0
2023-12-12,5375.0,5400.0,5325.0,5325.0,134501600.0
2023-12-13,5300.0,5350.0,5275.0,5300.0,98881600.0
2023-12-14,5450.0,5550.0,5425.0,5550.0,270760600.0
2023-12-15,5575.0,5600.0,5550.0,5550.0,252448800.0
2023-12-18,5575.0,5575.0,5500.0,5500.0,102780900.0
2023-12-19,5450.0,5550.0,5450.0,5550.0,158893700.0
2023-12-20,5700.0,5700.0,5550.0,5550.0,138470900.0
2023-12-21,5550.0,5600.0,5525.0,5575.0,99049600.0
2023-12-22,5650.0,5700.0,5600.0,5675.0,109411300.0
2023-12-27,5700.0,5725.0,5625.0,5625.0,131368000.0
2023-12-28,5700.0,5750.0,5675.0,5725.0,121434600.0
2023-12-29,5750.0,5750.0,5675.0,5725.0,93126000.0
2024-01-02,5650.0,5675.0,5625.0,5675.0,91143100.0
2024-01-03,5625.0,5650.0,5600.0,5600.0,83659700.0
2024-01-04,5600.0,5700.0,5575.0,5700.0,118467900.0
2024-01-05,5725.0,5850.0,5700.0,5750.0,134929600.0
2024-01-08,5750.0,5800.0,5625.0,5625.0,152015000.0
2024-01-09,5625.0,5700.0,5625.0,5700.0,105666200.0
2024-01-10,5625.0,5700.0,5625.0,5700.0,82626400.0
2024-01-11,5750.0,5800.0,5700.0,5750.0,132206400.0
2024-01-12,5800.0,5850.0,5775.0,5850.0,109715700.0
2024-01-15,5850.0,5900.0,5775.0,5825.0,115284200.0
2024-01-16,5825.0,5875.0,5775.0,5825.0,97074300.0
2024-01-17,5825.0,5825.0,5750.0,5775.0,107941600.0
2024-01-18,5800.0,5800.0,5700.0,5750.0,87259100.0
2024-01-19,5750.0,5800.0,5700.0,5800.0,75370700.0
2024-01-22,5775.0,5800.0,5700.0,5775.0,97545600.0
2024-01-23,5700.0,5750.0,5650.0,5700.0,122999700.0
2024-01-24,5675.0,5700.0,5575.0,5650.0,104225000.0
2024-01-25,5575.0,5650.0,5525.0,5525.0,120478800.0
2024-01-26,5450.0,5475.0,5400.0,5425.0,185244400.0
2024-01-29,5400.0,5575.0,5400.0,5575.0,145629600.0
2024-01-30,5525.0,5650.0,5475.0,5625.0,150287800.0
2024-01-31,5725.0,5775.0,5675.0,5700.0,245117200.0
2024-02-01,5775.0,5800.0,5725.0,5750.0,156634200.0
2024-02-02,5800.0,5850.0,5750.0,5850.0,177209700.0
2024-02-05,5800.0,5825.0,5750.0,5775.0,113760000.0
2024-02-06,5900.0,5900.0,5800.0,5825.0,126704300.0
2024-02-07,5850.0,5900.0,5825.0,5850.0,147571500.0
2024-02-12,5875.0,6025.0,5850.0,6025.0,200856200.0
2024-02-13,6050.0,6050.0,5950.0,6000.0,145852200.0
2024-02-15,6275.0,6275.0,6100.0,6125.0,308685100.0
2024-02-16,6150.0,6200.0,6125.0,6150.0,130814400.0
2024-02-19,6125.0,6175.0,6075.0,6100.0,111382900.0
2024-02-20,6175.0,6300.0,6175.0,6300.0,160872600.0
2024-02-21,6325.0,6375.0,6225.0,6300.0,169293100.0
2024-02-22,6250.0,6300.0,6225.0,6250.0,100256000.0
2024-02-23,6125.0,6175.0,6050.0,6125.0,148643000.0
2024-02-26,6100.0,6200.0,6075.0,6175.0,110509000.0
2024-02-27,6125.0,6200.0,6125.0,6125.0,99187500.0
2024-02-28,6100.0,6225.0,6100.0,6225.0,118745300.0
2024-02-29,6150.0,6200.0,6125.0,6125.0,173845800.0
2024-03-01,6175.0,6175.0,6075.0,6125.0,76286400.0
2024-03-04,6125.0,6125.0,6050.0,6050.0,70354900.0
2024-03-05,6100.0,6175.0,6075.0,6125.0,115084600.0
2024-03-06,6100.0,6200.0,6100.0,6200.0,84108800.0
2024-03-07,6200.0,6275.0,6200.0,6225.0,117724700.0
2024-03-08,6275.0,6400.0,6250.0,6350.0,163060000.0
2024-03-13,6350.0,6450.0,6350.0,6400.0,195173100.0
2024-03-14,6175.0,6200.0,6050.0,6150.0,271254000.0
2024-03-15,6000.0,6075.0,5950.0,5975.0,305995800.0
2024-03-18,6000.0,6100.0,5975.0,6000.0,110564700.0
2024-03-19,6000.0,6050.0,5975.0,6000.0,114338600.0
2024-03-20,6000.0,6100.0,6000.0,6100.0,120885400.0
2024-03-21,6175.0,6200.0,6100.0,6100.0,136020000.0
2024-03-22,6050.0,6125.0,6050.0,6125.0,74936500.0
2024-03-25,6150.0,6250.0,6125.0,6250.0,115729600.0
2024-03-26,6200.0,6300.0,6200.0,6300.0,120748400.0
2024-03-27,6300.0,6325.0,6225.0,6250.0,73308900.0
2024-03-28,6100.0,6200.0,6025.0,6050.0,288926900.0
2024-04-01,6000.0,6025.0,5825.0,5925.0,217200400.0
2024-04-02,5850.0,5950.0,5625.0,5675.0,412180900.0
2024-04-03,5575.0,5675.0,5525.0,5625.0,333518700.0
2024-04-04,5650.0,5750.0,5650.0,5700.0,133406600.0
2024-04-05,5625.0,5700.0,5625.0,5650.0,178817800.0
2024-04-16,5375.0,5575.0,5350.0,5350.0,600717500.0
2024-04-17,5475.0,5500.0,5300.0,5300.0,244002000.0
2024-04-18,5300.0,5500.0,5300.0,5475.0,247410700.0
2024-04-19,5350.0,5375.0,5250.0,5275.0,258211500.0
2024-04-22,5200.0,5325.0,5150.0,5300.0,342282800.0
2024-04-23,5350.0,5400.0,5225.0,5300.0,283676400.0
2024-04-24,5250.0,5350.0,5150.0,5225.0,471241400.0
2024-04-25,5125.0,5200.0,5050.0,5150.0,479170900.0
2024-04-26,5050.0,5100.0,4830.0,4830.0,782589900.0
2024-04-29,4700.0,4890.0,4680.0,4770.0,700644800.0
2024-04-30,4850.0,5050.0,4820.0,4940.0,565609200.0
2024-05-02,4910.0,4920.0,4700.0,4760.0,636922100.0
2024-05-03,4760.0,4830.0,4710.0,4750.0,322179100.0
2024-05-06,4800.0,4840.0,4730.0,4790.0,262707400.0
2024-05-07,4770.0,4780.0,4670.0,4670.0,304013600.0
2024-05-08,4650.0,4740.0,4570.0,4680.0,572275800.0
2024-05-13,4650.0,4700.0,4630.0,4680.0,320067100.0
2024-05-14,4720.0,4810.0,4700.0,4730.0,341458900.0
2024-05-15,4780.0,4870.0,4760.0,4820.0,298990300.0
2024-05-16,4930.0,4960.0,4840.0,4840.0,371295000.0
2024-05-17,4840.0,4960.0,4820.0,4920.0,208991800.0
2024-05-20,4990.0,5050.0,4820.0,4820.0,335150700.0
2024-05-21,4810.0,4870.0,4680.0,4680.0,272599400.0
2024-05-22,4650.0,4770.0,4650.0,4720.0,215066000.0
2024-05-27,4700.0,4720.0,4550.0,4550.0,363719300.0
2024-05-28,4580.0,4630.0,4520.0,4530.0,258070200.0
2024-05-29,4480.0,4500.0,4400.0,4410.0,465008500.0
2024-05-30,4400.0,4480.0,4310.0,4380.0,502927800.0
2024-05-31,4430.0,4470.0,4330.0,4340.0,655144100.0
2024-06-03,4430.0,4560.0,4400.0,4530.0,345770100.0
2024-06-04,4560.0,4590.0,4450.0,4450.0,332902200.0
2024-06-05,4500.0,4500.0,4400.0,4400.0,246362500.0
2024-06-06,4450.0,4500.0,4390.0,4500.0,281534200.0
2024-06-07,4490.0,4500.0,4350.0,4350.0,375439600.0
2024-06-10,4350.0,4430.0,4320.0,4400.0,181387000.0
2024-06-11,4380.0,4440.0,4340.0,4340.0,197854400.0
2024-06-12,4340.0,4360.0,4310.0,4350.0,187332500.0
2024-06-13,4400.0,4420.0,4300.0,4310.0,238349600.0
2024-06-14,4300.0,4320.0,4170.0,4180.0,358893200.0
2024-06-19,4100.0,4240.0,4090.0,4100.0,410338400.0
2024-06-20,4130.0,4270.0,4130.0,4270.0,387133400.0
2024-06-21,4280.0,4490.0,4260.0,4440.0,542704300.0
2024-06-24,4440.0,4510.0,4400.0,4400.0,303830800.0
2024-06-25,4320.0,4400.0,4280.0,4380.0,383572500.0
2024-06-26,4390.0,4430.0,4350.0,4370.0,150303400.0
2024-06-27,4410.0,4500.0,4380.0,4460.0,299430600.0
2024-06-28,4590.0,4640.0,4580.0,4600.0,581319300.0
2024-07-01,4630.0,4670.0,4560.0,4630.0,261421200.0
2024-07-02,4610.0,4630.0,4570.0,4570.0,234403100.0
2024-07-03,4630.0,4640.0,4560.0,4600.0,176310400.0
2024-07-04,4680.0,4830.0,4660.0,4790.0,422261500.0
2024-07-05,4850.0,4870.0,4790.0,4800.0,218278000.0
2024-07-08,4800.0,4830.0,4740.0,4750.0,222042100.0
2024-07-09,4780.0,4930.0,4750.0,4870.0,291320400.0
2024-07-10,4870.0,4920.0,4840.0,4850.0,167619700.0
2024-07-11,4910.0,4920.0,4840.0,4840.0,170470400.0
2024-07-12,4970.0,4980.0,4880.0,4900.0,327141300.0
2024-07-15,4920.0,4930.0,4810.0,4820.0,188713000.0
2024-07-16,4820.0,4840.0,4730.0,4730.0,189271400.0
2024-07-17,4750.0,4810.0,4720.0,4760.0,263325400.0
2024-07-18,4760.0,4890.0,4750.0,4890.0,296614900.0
2024-07-19,4870.0,4910.0,4850.0,4900.0,135104800.0
2024-07-22,4920.0,4940.0,4880.0,4910.0,140128300.0
2024-07-23,4900.0,4910.0,4780.0,4790.0,170919500.0
2024-07-24,4770.0,4800.0,4760.0,4780.0,116037600.0
2024-07-25,4760.0,4760.0,4660.0,4700.0,274397700.0
2024-07-26,4760.0,4810.0,4740.0,4760.0,192267300.0
2024-07-29,4800.0,4800.0,4760.0,4780.0,126109900.0
2024-07-30,4720.0,4740.0,4670.0,4670.0,204374100.0
2024-07-31,4650.0,4710.0,4650.0,4670.0,168490300.0
2024-08-01,4710.0,4750.0,4690.0,4750.0,169636700.0
2024-08-02,4730.0,4750.0,4690.0,4710.0,113328400.0
2024-08-05,4660.0,4670.0,4510.0,4530.0,329430900.0
2024-08-06,4550.0,4650.0,4520.0,4600.0,238051800.0
2024-08-07,4640.0,4640.0,4590.0,4620.0,125984100.0
2024-08-08,4600.0,4690.0,4590.0,4660.0,131343400.0
2024-08-09,4700.0,4730.0,4670.0,4670.0,98730900.0
2024-08-12,4720.0,4720.0,4650.0,4680.0,83552800.0
2024-08-13,4700.0,4750.0,4690.0,4720.0,109533400.0
2024-08-14,4770.0,4840.0,4760.0,4820.0,262716500.0
2024-08-15,4850.0,4870.0,4790.0,4830.0,214394900.0
2024-08-16,4850.0,4870.0,4830.0,4830.0,149701700.0
2024-08-19,4820.0,4820.0,4750.0,4820.0,196203200.0
2024-08-20,4860.0,4950.0,4840.0,4950.0,310085500.0
2024-08-21,4990.0,5100.0,4980.0,5100.0,390307000.0
2024-08-22,5125.0,5150.0,5025.0,5050.0,474043100.0
2024-08-23,5150.0,5200.0,5125.0,5150.0,217759300.0
2024-08-26,5200.0,5325.0,5200.0,5300.0,361169800.0
2024-08-27,5250.0,5275.0,5100.0,5175.0,271088700.0
2024-08-28,5100.0,5175.0,5025.0,5150.0,277561700.0
2024-08-29,5125.0,5175.0,5100.0,5125.0,160041900.0
2024-08-30,5175.0,5175.0,5125.0,5150.0,275298000.0
2024-09-02,5150.0,5225.0,5150.0,5175.0,136717200.0
2024-09-03,5225.0,5250.0,5150.0,5175.0,166033900.0
2024-09-04,5100.0,5175.0,5100.0,5100.0,141890400.0
2024-09-05,5125.0,5150.0,5075.0,5150.0,166436800.0
2024-09-06,5200.0,5250.0,5150.0,5225.0,170520700.0
2024-09-09,5275.0,5300.0,5150.0,5175.0,201448700.0
2024-09-10,5200.0,5250.0,5125.0,5250.0,202326400.0
2024-09-11,5225.0,5250.0,5125.0,5175.0,165284900.0
2024-09-12,5175.0,5225.0,5150.0,5175.0,138542100.0
2024-09-13,5200.0,5300.0,5175.0,5300.0,259722600.0
2024-09-17,5350.0,5350.0,5250.0,5300.0,201331600.0
2024-09-18,5350.0,5375.0,5325.0,5350.0,186877300.0
2024-09-19,5425.0,5500.0,5400.0,5400.0,332941100.0
2024-09-20,5400.0,5450.0,5375.0,5375.0,260437400.0
2024-09-23,5350.0,5500.0,5350.0,5500.0,245292000.0
2024-09-24,5550.0,5575.0,5525.0,5525.0,195415700.0
2024-09-25,5400.0,5425.0,5200.0,5325.0,607065900.0
2024-09-26,5150.0,5200.0,5025.0,5050.0,855266800.0
2024-09-27,5050.0,5150.0,5000.0,5100.0,304694300.0
2024-09-30,5050.0,5050.0,4950.0,4950.0,539169900.0
2024-10-01,4970.0,5075.0,4970.0,5075.0,197069300.0
2024-10-02,5000.0,5075.0,4900.0,4940.0,307487600.0
2024-10-03,4900.0,4960.0,4860.0,4920.0,354814800.0
2024-10-04,4870.0,4920.0,4850.0,4860.0,289960700.0
2024-10-07,4860.0,4930.0,4810.0,4820.0,308452200.0
2024-10-08,4800.0,5050.0,4760.0,5000.0,527474400.0
2024-10-09,5000.0,5075.0,4930.0,4930.0,309336600.0
2024-10-10,4920.0,4970.0,4860.0,4860.0,226564700.0
2024-10-11,4910.0,4940.0,4890.0,4900.0,104875300.0
2024-10-14,4900.0,4930.0,4870.0,4900.0,125414400.0
2024-10-15,4930.0,4990.0,4920.0,4920.0,142372200.0
2024-10-16,4950.0,4970.0,4920.0,4950.0,118014300.0
2024-10-17,4960.0,5050.0,4940.0,4980.0,188127700.0
2024-10-18,5025.0,5050.0,4960.0,4970.0,157113000.0
2024-10-21,4980.0,5025.0,4970.0,4990.0,110708200.0
2024-10-22,4960.0,4970.0,4900.0,4900.0,199707500.0
2024-10-23,4830.0,4890.0,4810.0,4860.0,222147300.0
2024-10-24,4820.0,4900.0,4810.0,4820.0,218162100.0
2024-10-25,4820.0,4860.0,4770.0,4770.0,195647800.0
2024-10-28,4770.0,4800.0,4710.0,4760.0,191211000.0
2024-10-29,4730.0,4780.0,4700.0,4700.0,203658600.0
2024-10-30,4630.0,4750.0,4630.0,4710.0,296314500.0
2024-10-31,4710.0,4870.0,4710.0,4800.0,307110400.0
2024-11-01,4770.0,4820.0,4700.0,4700.0,235656400.0
2024-11-04,4710.0,4770.0,4650.0,4720.0,209831500.0
2024-11-05,4690.0,4740.0,4680.0,4710.0,199499300.0
2024-11-06,4710.0,4730.0,4600.0,4600.0,249059500.0
2024-11-07,4610.0,4640.0,4550.0,4550.0,296218600.0
2024-11-08,4600.0,4640.0,4520.0,4520.0,213862600.0
2024-11-11,4470.0,4540.0,4370.0,4460.0,507192300.0
2024-11-12,4430.0,4520.0,4430.0,4500.0,252380100.0
2024-11-13,4470.0,4610.0,4460.0,4580.0,209627200.0
2024-11-14,4570.0,4590.0,4500.0,4500.0,159871800.0
2024-11-15,4450.0,4510.0,4450.0,4470.0,106365600.0
2024-11-18,4440.0,4460.0,4350.0,4350.0,259191900.0
2024-11-19,4350.0,4410.0,4350.0,4360.0,294851500.0
2024-11-20,4400.0,4440.0,4330.0,4330.0,298734600.0
2024-11-21,4280.0,4320.0,4250.0,4250.0,376788400.0
2024-11-22,4250.0,4420.0,4250.0,4400.0,280188100.0
2024-11-25,4420.0,4530.0,4420.0,4470.0,401446400.0
2024-11-26,4450.0,4470.0,4380.0,4400.0,266677500.0
2024-11-28,4350.0,4390.0,4330.0,4330.0,277081800.0
2024-11-29,4280.0,4300.0,4250.0,4250.0,412519800.0
2024-12-02,4270.0,4280.0,4160.0,4170.0,337188900.0
2024-12-03,4240.0,4250.0,4210.0,4240.0,384146700.0
2024-12-04,4240.0,4370.0,4220.0,4350.0,345762200.0
2024-12-05,4310.0,4340.0,4250.0,4260.0,183135900.0
2024-12-06,4250.0,4310.0,4220.0,4310.0,151433000.0
2024-12-09,4310.0,4390.0,4300.0,4390.0,158897200.0
2024-12-10,4360.0,4380.0,4290.0,4360.0,196160900.0
2024-12-11,4340.0,4430.0,4340.0,4380.0,203980300.0
2024-12-12,4340.0,4360.0,4260.0,4260.0,226698900.0
2024-12-13,4230.0,4280.0,4170.0,4170.0,287838100.0
2024-12-16,4150.0,4280.0,4150.0,4250.0,325441900.0
2024-12-17,4250.0,4290.0,4150.0,4150.0,327919000.0
2024-12-18,4170.0,4210.0,4130.0,4150.0,205055500.0
2024-12-19,4090.0,4110.0,4050.0,4090.0,381986300.0
2024-12-20,4070.0,4120.0,4050.0,4060.0,252689600.0
2024-12-23,4130.0,4210.0,4110.0,4210.0,167689800.0
2024-12-24,4220.0,4250.0,4170.0,4200.0,199536100.0
2024-12-27,4100.0,4120.0,4080.0,4100.0,143104400.0
2024-12-30,4080.0,4120.0,4070.0,4080.0,153934700.0
2025-01-02,4100.0,4220.0,4090.0,4210.0,181361700.0
2025-01-03,4220.0,4240.0,4150.0,4150.0,134632300.0
2025-01-06,4180.0,4180.0,4100.0,4100.0,153048700.0
2025-01-07,4080.0,4090.0,4030.0,4030.0,171997400.0
2025-01-08,4030.0,4100.0,4030.0,4080.0,133655700.0
2025-01-09,4070.0,4100.0,4030.0,4030.0,99300400.0
2025-01-10,4030.0,4060.0,4010.0,4010.0,132774300.0
2025-01-13,3990.0,3990.0,3850.0,3850.0,413408100.0
2025-01-14,3820.0,3920.0,3800.0,3800.0,293621700.0
2025-01-15,3840.0,4090.0,3840.0,4090.0,407813500.0
2025-01-16,4210.0,4240.0,4130.0,4160.0,349387500.0
2025-01-17,4150.0,4190.0,4080.0,4090.0,268758600.0
2025-01-20,4130.0,4220.0,4130.0,4220.0,167348600.0
2025-01-21,4270.0,4380.0,4250.0,4260.0,345223800.0
2025-01-22,4310.0,4320.0,4230.0,4260.0,193218900.0
2025-01-23,4260.0,4340.0,4260.0,4300.0,216018100.0
2025-01-24,4350.0,4350.0,4190.0,4190.0,276421900.0
2025-01-30,4130.0,4170.0,4090.0,4120.0,220222400.0
2025-01-31,4170.0,4280.0,4150.0,4220.0,192622700.0
2025-02-03,4200.0,4270.0,4150.0,4250.0,220285800.0
2025-02-04,4260.0,4300.0,4200.0,4260.0,231917500.0
2025-02-05,4250.0,4250.0,4140.0,4140.0,209834400.0
2025-02-06,4120.0,4160.0,3940.0,3970.0,378545500.0
2025-02-07,3970.0,4030.0,3940.0,4030.0,259636200.0
2025-02-10,4000.0,4050.0,3950.0,3970.0,201999400.0
2025-02-11,3970.0,4040.0,3900.0,4010.0,276382800.0
2025-02-12,3960.0,4060.0,3950.0,4030.0,362571900.0
2025-02-13,4000.0,4030.0,3960.0,3990.0,341640600.0
2025-02-14,4000.0,4010.0,3850.0,3860.0,524909600.0
2025-02-17,3870.0,4030.0,3870.0,4030.0,265737100.0
2025-02-18,4030.0,4180.0,4030.0,4150.0,374350700.0
2025-02-19,4160.0,4180.0,4010.0,4020.0,348358600.0
2025-02-20,3970.0,4020.0,3910.0,3910.0,312753300.0
2025-02-21,3910.0,3930.0,3870.0,3890.0,205268800.0
2025-02-24,3900.0,3940.0,3870.0,3920.0,138610800.0
2025-02-25,3880.0,3920.0,3800.0,3800.0,404555100.0
2025-02-26,3800.0,3860.0,3760.0,3820.0,242834100.0
2025-02-27,3790.0,3800.0,3610.0,3630.0,410928000.0
2025-02-28,3500.0,3540.0,3360.0,3360.0,1000597600.0
2025-03-03,3520.0,3740.0,3470.0,3670.0,744626800.0
2025-03-04,3680.0,3720.0,3600.0,3670.0,338434700.0
2025-03-05,3710.0,3900.0,3710.0,3840.0,441151000.0
2025-03-06,3870.0,3990.0,3870.0,3950.0,434485100.0
2025-03-07,3930.0,3930.0,3810.0,3810.0,243793600.0
2025-03-10,3790.0,3810.0,3730.0,3760.0,232192200.0
2025-03-11,3700.0,3790.0,3660.0,3790.0,273961800.0
2025-03-12,3810.0,3920.0,3810.0,3890.0,271631200.0
2025-03-13,3960.0,3970.0,3800.0,3800.0,209225800.0
2025-03-14,3750.0,3840.0,3750.0,3750.0,156131900.0
2025-03-17,3780.0,3840.0,3730.0,3830.0,162467700.0
2025-03-18,3840.0,3860.0,3500.0,3680.0,416894600.0
2025-03-19,3710.0,3780.0,3680.0,3710.0,352217700.0
2025-03-20,3730.0,3760.0,3640.0,3660.0,313033000.0
2025-03-21,3600.0,3700.0,3550.0,3700.0,627645600.0
2025-03-24,3650.0,3740.0,3520.0,3610.0,342883200.0
2025-03-25,3660.0,3840.0,3660.0,3800.0,331285900.0
2025-03-26,3870.0,4020.0,3860.0,4000.0,540888800.0
2025-03-27,4000.0,4050.0,3930.0,4050.0,322553200.0
2025-04-08,3460.0,3750.0,3450.0,3640.0,734807100.0
2025-04-09,3610.0,3710.0,3600.0,3630.0,366649900.0
2025-04-10,3920.0,3930.0,3770.0,3800.0,417562900.0
2025-04-11,3600.0,3650.0,3590.0,3630.0,301274200.0
2025-04-14,3630.0,3690.0,3620.0,3690.0,169458300.0
2025-04-15,3730.0,3780.0,3680.0,3690.0,254228400.0
2025-04-16,3690.0,3700.0,3600.0,3650.0,233821600.0
2025-04-17,3670.0,3670.0,3610.0,3640.0,121059300.0
2025-04-21,3620.0,3660.0,3570.0,3620.0,107470200.0
2025-04-22,3600.0,3650.0,3600.0,3630.0,147116900.0
2025-04-23,3660.0,3790.0,3640.0,3760.0,432999900.0
2025-04-24,3790.0,3840.0,3720.0,3730.0,272537300.0
2025-04-25,3770.0,3790.0,3730.0,3740.0,136517100.0
2025-04-28,3790.0,3850.0,3780.0,3840.0,212945800.0
2025-04-29,3860.0,3870.0,3820.0,3850.0,160631400.0
2025-04-30,3810.0,3850.0,3770.0,3850.0,226832200.0
2025-05-02,3920.0,3920.0,3850.0,3880.0,205628100.0
2025-05-05,3900.0,3920.0,3860.0,3860.0,196917100.0
2025-05-06,3840.0,3900.0,3840.0,3880.0,111333800.0
2025-05-07,3900.0,3910.0,3870.0,3910.0,119763100.0
2025-05-08,3910.0,3960.0,3780.0,3790.0,224121900.0
2025-05-09,3810.0,3840.0,3760.0,3840.0,147638100.0
2025-05-14,4000.0,4090.0,3960.0,4090.0,461642400.0
2025-05-15,4140.0,4310.0,4130.0,4270.0,537151700.0
2025-05-16,4310.0,4330.0,4160.0,4250.0,289337600.0
2025-05-19,4230.0,4260.0,4200.0,4230.0,145935500.0
2025-05-20,4230.0,4280.0,4170.0,4210.0,209576900.0
2025-05-21,4210.0,4310.0,4210.0,4260.0,256020200.0
2025-05-22,4280.0,4310.0,4240.0,4300.0,208291800.0
2025-05-23,4370.0,4370.0,4330.0,4350.0,187464400.0
2025-05-26,4350.0,4350.0,4260.0,4320.0,149418600.0
2025-05-27,4320.0,4370.0,4280.0,4370.0,180028000.0
2025-05-28,4360.0,4450.0,4320.0,4450.0,466133500.0
2025-06-02,4360.0,4390.0,4200.0,4200.0,389541100.0
2025-06-03,4210.0,4230.0,4120.0,4200.0,277902300.0
2025-06-04,4230.0,4230.0,4080.0,4080.0,279755300.0
2025-06-05,4110.0,4140.0,4050.0,4100.0,230129500.0
2025-06-10,4100.0,4160.0,4100.0,4150.0,179827500.0
2025-06-11,4130.0,4140.0,4060.0,4070.0,196558700.0
2025-06-12,4070.0,4100.0,4060.0,4070.0,113850500.0
2025-06-13,4020.0,4050.0,3980.0,4000.0,283826000.0
2025-06-16,3980.0,4010.0,3960.0,3990.0,155450700.0
2025-06-17,4010.0,4030.0,3960.0,3960.0,125769400.0
2025-06-18,3950.0,3960.0,3900.0,3940.0,140882100.0
2025-06-19,3900.0,3920.0,3800.0,3800.0,355413000.0
2025-06-20,3740.0,3840.0,3740.0,3790.0,516177900.0
2025-06-23,3730.0,3750.0,3660.0,3720.0,222067700.0
2025-06-24,3820.0,3900.0,3770.0,3780.0,281594300.0
2025-06-25,3830.0,3830.0,3730.0,3760.0,164257700.0
2025-06-26,3780.0,3830.0,3750.0,3830.0,171427000.0
2025-06-30,3840.0,3840.0,3730.0,3740.0,271933200.0
2025-07-01,3780.0,3790.0,3670.0,3700.0,212369000.0
2025-07-02,3650.0,3700.0,3640.0,3680.0,220273500.0
2025-07-03,3710.0,3730.0,3680.0,3680.0,119674300.0
2025-07-04,3680.0,3710.0,3650.0,3670.0,91141200.0
2025-07-07,3670.0,3700.0,3650.0,3700.0,78783800.0
2025-07-08,3690.0,3700.0,3650.0,3670.0,115551200.0
2025-07-09,3650.0,3700.0,3650.0,3680.0,92437900.0
2025-07-10,3690.0,3880.0,3680.0,3870.0,290117200.0
2025-07-11,3920.0,3920.0,3870.0,3880.0,255634700.0
2025-07-14,3880.0,3890.0,3750.0,3780.0,167151400.0
2025-07-15,3800.0,3880.0,3780.0,3880.0,183209300.0
2025-07-16,3950.0,3960.0,3880.0,3880.0,241966800.0
2025-07-17,3930.0,3930.0,3880.0,3890.0,111359500.0
2025-07-18,3910.0,3940.0,3860.0,3860.0,111030000.0
2025-07-21,3890.0,3900.0,3830.0,3830.0,89765800.0
2025-07-22,3860.0,3880.0,3830.0,3840.0,84902800.0
2025-07-23,3840.0,3860.0,3790.0,3800.0,132305000.0
2025-07-24,3830.0,3950.0,3820.0,3950.0,206654200.0
2025-07-25,3950.0,3950.0,3870.0,3880.0,86263700.0
2025-07-28,3940.0,3950.0,3920.0,3940.0,94898300.0
2025-07-29,3930.0,3930.0,3900.0,3920.0,98887100.0
2025-07-30,3910.0,3910.0,3770.0,3780.0,206358500.0
2025-07-31,3780.0,3790.0,3700.0,3710.0,163371700.0
2025-08-01,3800.0,3800.0,3740.0,3740.0,134100500.0
2025-08-04,3720.0,3740.0,3690.0,3710.0,104446300.0
2025-08-05,3700.0,3790.0,3700.0,3740.0,184822600.0
2025-08-06,3770.0,3780.0,3710.0,3710.0,100168200.0
2025-08-07,3730.0,3750.0,3700.0,3710.0,92746000.0
2025-08-08,3710.0,3730.0,3700.0,3700.0,133180100.0
2025-08-11,3720.0,3810.0,3720.0,3810.0,143167900.0
2025-08-12,3860.0,4050.0,3830.0,4050.0,404797800.0
2025-08-13,4060.0,4100.0,3990.0,4080.0,292104000.0
2025-08-14,4080.0,4100.0,4040.0,4060.0,164408100.0
2025-08-15,4100.0,4150.0,4070.0,4120.0,269255400.0
2025-08-19,4090.0,4100.0,4010.0,4040.0,208342600.0
2025-08-20,4050.0,4150.0,4050.0,4150.0,173260400.0
2025-08-21,4160.0,4170.0,4090.0,4150.0,112477700.0
2025-08-22,4170.0,4170.0,4100.0,4100.0,71971500.0
2025-08-25,4180.0,4270.0,4170.0,4210.0,195322200.0
2025-08-26,4220.0,4220.0,4170.0,4170.0,267465600.0
2025-08-27,4130.0,4150.0,4070.0,4130.0,123874000.0
2025-08-28,4130.0,4150.0,4110.0,4140.0,60838200.0
2025-08-29,4100.0,4120.0,4020.0,4050.0,217276600.0
2025-09-01,3930.0,4010.0,3860.0,3980.0,234206100.0
2025-09-02,3980.0,4050.0,3960.0,3960.0,111856000.0
2025-09-03,4020.0,4030.0,3950.0,4030.0,112507500.0
2025-09-04,3980.0,4010.0,3960.0,4000.0,87402700.0
2025-09-08,4070.0,4070.0,3890.0,3900.0,143993900.0
2025-09-09,3870.0,3890.0,3750.0,3790.0,327167200.0
2025-09-10,3820.0,3890.0,3820.0,3880.0,118713400.0
2025-09-11,4000.0,4120.0,3980.0,4080.0,281910400.0
2025-09-12,4180.0,4190.0,4110.0,4180.0,235383800.0
2025-09-15,4200.0,4220.0,4120.0,4140.0,157482000.0
2025-09-16,4160.0,4170.0,4080.0,4130.0,167511900.0
2025-09-17,4160.0,4220.0,4120.0,4220.0,245154800.0
2025-09-18,4270.0,4270.0,4210.0,4250.0,332670300.0
2025-09-19,4230.0,4250.0,4180.0,4250.0,211373200.0
2025-09-22,4250.0,4250.0,4110.0,4160.0,157592800.0
2025-09-23,4120.0,4170.0,4110.0,4140.0,110771700.0
2025-09-24,4140.0,4170.0,4100.0,4170.0,124591600.0
2025-09-25,4170.0,4170.0,4050.0,4070.0,129656800.0
2025-09-26,4050.0,4080.0,4000.0,4040.0,146229200.0
2025-09-29,4040.0,4040.0,3960.0,3980.0,126611800.0
2025-09-30,3980.0,3980.0,3900.0,3900.0,217357100.0
2025-10-01,3860.0,3940.0,3800.0,3810.0,223133600.0
2025-10-02,3760.0,3790.0,3710.0,3710.0,379620000.0
2025-10-03,3710.0,3750.0,3680.0,3690.0,214737100.0
2025-10-06,3700.0,3740.0,3640.0,3660.0,190286800.0
2025-10-07,3690.0,3720.0,3670.0,3710.0,155933000.0
2025-10-08,3730.0,3740.0,3670.0,3720.0,148263700.0
2025-10-09,3690.0,3930.0,3640.0,3860.0,479239500.0
2025-10-10,3790.0,3790.0,3690.0,3730.0,277252300.0
2025-10-13,3680.0,3710.0,3660.0,3660.0,181694400.0
2025-10-14,3640.0,3690.0,3550.0,3550.0,278678800.0
2025-10-15,3570.0,3590.0,3450.0,3500.0,468733500.0
2025-10-16,3500.0,3580.0,3480.0,3530.0,227629500.0
2025-10-17,3530.0,3570.0,3490.0,3500.0,244442400.0
2025-10-20,3550.0,3730.0,3540.0,3680.0,391510300.0
2025-10-21,3780.0,3790.0,3710.0,3760.0,293000200.0
2025-10-22,3790.0,3820.0,3680.0,3700.0,329470700.0
2025-10-23,3720.0,3820.0,3700.0,3820.0,225902700.0
2025-10-24,3820.0,3910.0,3820.0,3850.0,313903600.0
2025-10-27,3880.0,3930.0,3750.0,3860.0,332539600.0
2025-10-28,3850.0,3860.0,3780.0,3850.0,239026800.0
2025-10-29,3830.0,3890.0,3790.0,3890.0,215008600.0
2025-10-30,3900.0,3990.0,3870.0,3910.0,287905300.0
2025-10-31,3930.0,4020.0,3920.0,3980.0,348755700.0
2025-11-03,4050.0,4050.0,4010.0,4040.0,163770500.0
2025-11-04,4030.0,4050.0,3970.0,3970.0,241154700.0
2025-11-05,3940.0,3990.0,3910.0,3980.0,139859100.0
2025-11-06,3980.0,4010.0,3950.0,4000.0,130808100.0
2025-11-07,4000.0,4010.0,3980.0,3980.0,87287600.0
2025-11-10,4010.0,4020.0,3930.0,3930.0,148552900.0
2025-11-11,3940.0,3960.0,3860.0,3890.0,179000200.0
2025-11-12,3890.0,3950.0,3890.0,3900.0,111115400.0
2025-11-13,3900.0,3910.0,3870.0,3870.0,99373200.0
2025-11-14,3860.0,3930.0,3860.0,3900.0,100717300.0
2025-11-17,3880.0,3950.0,3880.0,3940.0,140868100.0
2025-11-18,3950.0,3990.0,3930.0,3970.0,205257700.0
2025-11-19,3990.0,4000.0,3970.0,4000.0,107451000.0
2025-11-20,4020.0,4050.0,3990.0,3990.0,183008400.0
2025-11-21,3980.0,4000.0,3940.0,3960.0,112666100.0
2025-11-24,4000.0,4000.0,3940.0,3980.0,262302000.0
2025-11-25,3980.0,3980.0,3830.0,3830.0,396959100.0
2025-11-26,3800.0,3830.0,3780.0,3790.0,288419400.0
2025-11-27,3800.0,3810.0,3720.0,3740.0,283451800.0
2025-11-28,3710.0,3750.0,3680.0,3680.0,353872800.0
2025-12-01,3680.0,3730.0,3660.0,3670.0,299669500.0
2025-12-02,3690.0,3730.0,3670.0,3710.0,277714300.0
2025-12-03,3690.0,3700.0,3660.0,3660.0,225357100.0
2025-12-04,3660.0,3690.0,3650.0,3690.0,221121100.0
2025-12-05,3700.0,3700.0,3650.0,3650.0,156161100.0
2025-12-08,3680.0,3690.0,3660.0,3670.0,124063500.0
2025-12-09,3700.0,3700.0,3650.0,3680.0,201089800.0
2025-12-10,3680.0,3680.0,3650.0,3660.0,172677700.0
2025-12-11,3680.0,3700.0,3580.0,3620.0,327591200.0
2025-12-12,3640.0,3640.0,3580.0,3630.0,169747600.0
2025-12-15,3650.0,3810.0,3630.0,3780.0,312694100.0
2025-12-16,3800.0,3810.0,3680.0,3690.0,237949900.0
2025-12-17,3690.0,3780.0,3680.0,3750.0,273544100.0
2025-12-18,3750.0,3820.0,3750.0,3780.0,262527300.0
2025-12-19,3800.0,3810.0,3760.0,3770.0,228583500.0
2025-12-22,3770.0,3780.0,3750.0,3760.0,161680300.0
2025-12-23,3760.0,3780.0,3730.0,3770.0,138427000.0
2025-12-24,3770.0,3790.0,3750.0,3770.0,121073600.0
2025-12-29,3780.0,3790.0,3760.0,3780.0,238061500.0
2025-12-30,3690.0,3690.0,3650.0,3660.0,274402200.0
